date,avg_sentiment_score,high,low,open,close,volume,code
2015/5/5,0,4785.19,4572.98,4785.19,4596.84,460419626,hs300
2015/5/6,-0.066666667,4700.91,4511.76,4626.23,4553.33,376073702,hs300
2015/5/7,0.2,4546.34,4467.46,4520.82,4470.09,297759203,hs300
2015/5/8,0,4559.06,4445.59,4515.55,4558.4,302407967,hs300
2015/5/11,0,4690.95,4535.15,4582.09,4690.53,373838420,hs300
2015/5/12,-0.25,4748,4660.02,4692.12,4747.42,377053891,hs300
2015/5/13,0,4758,4678.85,4746.71,4718.44,370730424,hs300
2015/5/14,-0.285714286,4735.28,4670.17,4717.96,4700.78,337725152,hs300
2015/5/15,0.2,4690.75,4592.05,4690.75,4617.47,328431166,hs300
2015/5/18,-0.222222222,4623.38,4565.06,4582.06,4575.14,269180489,hs300
2015/5/19,0.444444444,4740,4577.64,4577.64,4731.22,314785952,hs300
2015/5/20,0.333333333,4843.1,4745.21,4751.57,4754.92,363180748,hs300
2015/5/21,0.166666667,4841.62,4746.03,4768.69,4840.98,305054537,hs300
2015/5/22,0.1,4951.99,4870.6,4895.92,4951.33,455846718,hs300
2015/5/25,-0.2,5099.84,4949.11,4949.11,5099.5,465736590,hs300
2015/5/26,0.2,5199.29,5063.15,5140.8,5198.92,487949359,hs300
2015/5/27,0,5226.84,5126.86,5216.17,5181.43,470798730,hs300
2015/5/28,-0.25,5213.18,4831.33,5174.1,4834.01,571829047,hs300
2015/5/29,-0.125,4924.3,4665.52,4839.53,4840.83,427878859,hs300
2015/6/1,0.272727273,5079.32,4835.77,4862.76,5076.18,417503741,hs300
2015/6/2,0.375,5162.56,5047.08,5091.27,5161.87,412973196,hs300
2015/6/3,-0.142857143,5186.97,5059.5,5176.6,5143.59,414258270,hs300
2015/6/4,0.111111111,5194.23,4863.46,5156.01,5181.42,482767268,hs300
2015/6/5,0.166666667,5288.34,5104.18,5254.9,5230.55,545961196,hs300
2015/6/8,-0.428571429,5370.61,5202.6,5259.41,5353.75,637313237,hs300
2015/6/9,0,5380.43,5251.21,5379.47,5317.46,570427263,hs300
2015/6/10,0,5374.83,5209.68,5254.3,5309.11,442165676,hs300
2015/6/11,1,5329.29,5248.16,5305.14,5306.59,392338755,hs300
2015/6/12,1,5351.65,5283.09,5329.28,5335.12,430131386,hs300
2015/6/15,0,5362.45,5207.31,5354.01,5221.17,475745703,hs300
2015/6/16,0.333333333,5204.3,5015.27,5165.02,5064.82,411675638,hs300
2015/6/17,0.666666667,5158.37,4949.29,5072.31,5138.83,397124187,hs300
2015/6/18,0.25,5121.22,4926.43,5107.69,4930.55,364395814,hs300
2015/6/19,0.222222222,4910.45,4634.69,4847.06,4637.05,358104744,hs300
2015/6/23,0,4786.96,4455.33,4641.42,4786.09,365087944,hs300
2015/6/24,0.2,4883.73,4744.31,4811.6,4880.13,434638723,hs300
2015/6/25,-0.5,4919.26,4667.22,4906.24,4706.52,446135982,hs300
2015/6/26,-0.666666667,4650.19,4278.67,4573.87,4336.19,446639790,hs300
2015/6/29,0.25,4451.17,4000.93,4446.84,4191.55,525662482,hs300
2015/6/30,0.6,4475.77,4016.01,4161.07,4473,527045280,hs300
2015/7/1,0,4526.13,4235.7,4408.98,4253.02,431721411,hs300
2015/7/2,0.083333333,4312.19,4000.06,4287.73,4108,457062194,hs300
2015/7/3,-0.166666667,4164.63,3785.9,4017.2,3885.92,429300850,hs300
2015/7/6,1.029411765,4218.27,3832.47,4218.27,3998.54,648094530,hs300
2015/7/7,-0.181818182,3960.64,3743.62,3877.85,3928,679385007,hs300
2015/7/8,0.052631579,3762.62,3612.25,3651.06,3663.04,581467097,hs300
2015/7/9,-0.05,3930.26,3537.83,3621.68,3897.63,503870610,hs300
2015/7/10,0.133333333,4179.11,3887.55,3916.27,4106.56,500701802,hs300
2015/7/13,0.583333333,4278.16,4072.43,4132.23,4211.81,502092186,hs300
2015/7/14,0.222222222,4258.51,4062.5,4178.63,4112.15,454422009,hs300
2015/7/15,-0.125,4114.24,3899.51,4068.88,3966.76,421956367,hs300
2015/7/16,0.25,4067.02,3856.32,3949.64,3997.36,330531345,hs300
2015/7/17,0,4190.19,4000.23,4023.76,4151.5,331107131,hs300
2015/7/20,0,4221.69,4106.39,4157.06,4160.61,352673472,hs300
2015/7/21,0.1,4201.48,4081.7,4109.76,4166.01,318374945,hs300
2015/7/22,-0.266666667,4187.43,4094.71,4148.56,4157.16,318945997,hs300
2015/7/23,0.333333333,4262.06,4148.82,4158.93,4250.81,354471759,hs300
2015/7/24,0.5,4299.65,4154.62,4255.2,4176.28,392045373,hs300
2015/7/27,0.111111111,4156.31,3817.17,4097.8,3818.73,365054511,hs300
2015/7/28,-0.8,3883.45,3627.42,3690.97,3811.09,383527216,hs300
2015/7/29,-0.181818182,3934,3769.19,3839.96,3930.38,276972845,hs300
2015/7/30,0.25,3968.53,3802.88,3915.78,3815.41,271548665,hs300
2015/7/31,-1,3863.62,3757.99,3777.16,3816.7,222376767,hs300
2015/8/3,-0.125,3829.24,3742.58,3766.07,3829.24,245805030,hs300
2015/8/4,0.363636364,3948.45,3801.03,3827.37,3948.16,220236556,hs300
2015/8/5,-0.416666667,3962.28,3858.66,3937.62,3866.9,200484269,hs300
2015/8/6,-0.285714286,3888.69,3793.24,3802.93,3831.85,147278694,hs300
2015/8/7,-0.1,3926.65,3857.91,3866.43,3906.95,183349153,hs300
2015/8/10,-0.25,4101.73,3932.84,3947.47,4084.36,306780540,hs300
2015/8/11,0,4110.13,4042,4083.59,4066.67,322034191,hs300
2015/8/12,0.5,4078.03,4015.35,4025.67,4016.13,255146196,hs300
2015/8/13,0,4075.7,3967.82,4010.01,4075.46,242836979,hs300
2015/8/14,0.25,4113.16,4056.73,4097.92,4073.54,253392996,hs300
2015/8/17,1,4081.77,4009.99,4058.11,4077.87,256939638,hs300
2015/8/18,0.3,4103.05,3816.55,4084.31,3825.41,319881070,hs300
2015/8/19,-0.071428571,3898.74,3668.19,3748.27,3886.14,269049839,hs300
2015/8/20,1,3880.82,3761.45,3848.4,3761.45,212167965,hs300
2015/8/21,-0.4375,3757.78,3578.18,3714.29,3589.54,217986403,hs300
2015/8/24,-0.409090909,3468.15,3266.55,3454.6,3275.53,255436652,hs300
2015/8/25,-0.272727273,3200.11,3019.56,3070.01,3042.93,276081306,hs300
2015/8/26,-0.833333333,3192.93,2952.01,3062.57,3025.69,308270623,hs300
2015/8/27,-0.4,3206.72,3028.4,3092.81,3205.64,267294930,hs300
2015/8/28,-0.2,3353.24,3223.62,3246.24,3342.29,299498426,hs300
2015/8/31,0.043478261,3368.28,3205.54,3307.4,3366.54,280250403,hs300
2015/9/1,-0.230769231,3370.5,3190.58,3296.53,3362.08,352458528,hs300
2015/9/2,0.045454545,3387.02,3213.64,3220.85,3365.83,347789412,hs300
2015/9/7,-0.482758621,3422.23,3240.24,3347.29,3250.49,204224431,hs300
2015/9/8,-0.044776119,3340.22,3170.81,3221.79,3334.02,154599631,hs300
2015/9/9,0.117647059,3426.65,3330.29,3344.82,3399.3,220467421,hs300
2015/9/10,0,3398.32,3337.31,3349.28,3357.56,144882971,hs300
2015/9/11,0.076923077,3383.13,3315.48,3349.88,3347.19,108547508,hs300
2015/9/14,-0.107142857,3373.92,3187.57,3367.64,3281.13,205457251,hs300
2015/9/15,-0.037037037,3240.08,3131.98,3208.74,3152.23,143555641,hs300
2015/9/16,0.125,3345.92,3131.37,3149.16,3309.25,159709994,hs300
2015/9/17,-0.15,3354.91,3237,3287.66,3237,169401881,hs300
2015/9/18,-0.52173913,3280.88,3227.83,3254.44,3251.27,106903481,hs300
2015/9/21,-0.166666667,3312.55,3211.93,3222.6,3308.25,122788668,hs300
2015/9/22,0.363636364,3371.41,3303.18,3312.37,3339.03,146221985,hs300
2015/9/23,0,3315.94,3253.33,3290.07,3263.03,123171439,hs300
2015/9/24,0.375,3300.86,3255.9,3278.9,3285,102011238,hs300
2015/9/25,0.166666667,3290.86,3201.91,3272.67,3231.95,121419278,hs300
2015/9/28,-0.3,3246.55,3186.51,3226.61,3242.75,74219468,hs300
2015/9/29,0.2,3208.42,3159.04,3197.22,3178.85,87150633,hs300
2015/9/30,0.714285714,3223.91,3186.77,3195.9,3202.95,78559349,hs300
2015/10/8,-0.333333333,3337.33,3294.6,3324.98,3296.48,132081768,hs300
2015/10/9,0.1,3352.38,3293.97,3302.36,3340.12,124352500,hs300
2015/10/12,0,3486.63,3347.25,3351.14,3447.69,221400468,hs300
2015/10/13,0.1,3452.04,3413.97,3422.48,3445.04,145433786,hs300
2015/10/14,0.6,3458.7,3403.23,3431.14,3406.11,152173938,hs300
2015/10/15,0.125,3486.81,3402.32,3403.39,3486.81,171158299,hs300
2015/10/16,0,3537.54,3487.1,3508.52,3534.06,208964709,hs300
2015/10/19,-0.166666667,3573,3502.5,3548.95,3534.18,207606744,hs300
2015/10/20,0.666666667,3577.8,3510.44,3527.88,3577.7,179025108,hs300
2015/10/21,0.6,3601.24,3417.41,3580.84,3473.25,282076050,hs300
2015/10/22,-0.166666667,3530.77,3442.31,3453.2,3524.53,184305580,hs300
2015/10/23,0.8,3581.84,3515.82,3536.84,3571.24,198294478,hs300
2015/10/26,0.333333333,3620.76,3561.19,3614.7,3589.26,204248863,hs300
2015/10/27,-0.1875,3601.05,3486.1,3569.45,3592.88,192056140,hs300
2015/10/28,0,3598.17,3517.21,3575.8,3524.92,170977098,hs300
2015/10/29,0,3561.81,3507.97,3539.98,3533.31,127010446,hs300
2015/10/30,0,3574.47,3497.57,3530.22,3534.08,139141914,hs300
2015/11/2,-0.058823529,3543.45,3474.71,3489.23,3475.96,130002568,hs300
2015/11/3,-0.214285714,3501.7,3452.62,3484.72,3465.49,101401876,hs300
2015/11/4,0.142857143,3628.54,3477.16,3477.16,3628.54,205423865,hs300
2015/11/5,0.125,3781.41,3627.3,3630.78,3705.97,398046568,hs300
2015/11/6,0.25,3801.71,3694.66,3698.34,3793.37,298753076,hs300
2015/11/9,1.111111111,3891.77,3796.38,3796.38,3840.35,356804823,hs300
2015/11/10,0.142857143,3876.49,3798.82,3806.67,3833.24,286519603,hs300
2015/11/11,0,3843.11,3781.41,3828.45,3833.65,232234296,hs300
2015/11/12,0.181818182,3843.9,3771.27,3841.74,3795.32,217537647,hs300
2015/11/13,-0.5,3793.71,3727.58,3756.2,3746.24,203489891,hs300
2015/11/16,0.333333333,3764.41,3680.07,3682.74,3764.13,161690901,hs300
2015/11/17,0,3852.77,3750.16,3790.43,3758.39,248533071,hs300
2015/11/18,0.5,3771.85,3706.31,3760.46,3715.58,185689495,hs300
2015/11/19,-0.142857143,3775.23,3714.68,3725.62,3774.97,154631989,hs300
2015/11/20,-0.6,3793.54,3757.03,3778.88,3774.38,186951689,hs300
2015/11/23,0,3802.85,3743.41,3774.44,3753.33,175626812,hs300
2015/11/24,0.333333333,3754.17,3702.74,3745.76,3753.89,143383283,hs300
2015/11/25,0.5,3781.86,3735.72,3747.76,3781.61,151944941,hs300
2015/11/26,0.166666667,3805.84,3756.82,3795.25,3759.43,173525468,hs300
2015/11/27,-0.3,3742.74,3534.39,3739.1,3556.99,208939358,hs300
2015/11/30,1,3587.97,3455.07,3554.89,3566.41,173201163,hs300
2015/12/1,1.285714286,3617.3,3536.12,3562.32,3591.7,136536554,hs300
2015/12/2,0.5,3725.85,3573.4,3587.76,3721.96,213538865,hs300
2015/12/3,-0.25,3758.45,3693.14,3709.55,3749.3,197762126,hs300
2015/12/4,0.222222222,3726.12,3667.29,3719.73,3677.59,151199522,hs300
2015/12/7,0.9,3699.34,3658.58,3681.58,3687.61,113883150,hs300
2015/12/8,0,3668.84,3619.45,3668.84,3623.02,125781083,hs300
2015/12/9,-0.5,3655.16,3611.49,3613.42,3635.94,113325422,hs300
2015/12/10,-0.25,3678.32,3615.99,3634.37,3623.08,120215625,hs300
2015/12/11,0.4,3630.74,3578.15,3605.37,3608.06,110322481,hs300
2015/12/14,-0.555555556,3712.5,3571,3573.88,3711.32,151769119,hs300
2015/12/15,-0.111111111,3717.36,3679.23,3707.73,3694.39,126481710,hs300
2015/12/16,0.5,3713.09,3677.45,3703.95,3685.44,111342723,hs300
2015/12/17,-0.333333333,3768.84,3709.85,3712.78,3755.89,177924075,hs300
2015/12/18,0.333333333,3810.22,3750.93,3754.96,3767.91,173465980,hs300
2015/12/21,0.75,3877.82,3759.99,3762.1,3865.97,217435275,hs300
2015/12/22,-0.181818182,3880.47,3841.59,3872.1,3876.73,180303661,hs300
2015/12/23,1.166666667,3926.69,3862.97,3877.87,3866.38,207017147,hs300
2015/12/24,0.333333333,3867.68,3787.08,3858.14,3829.4,147181397,hs300
2015/12/25,0.5,3848.02,3813.2,3832.08,3838.2,119624013,hs300
2015/12/28,-0.222222222,3853.39,3727.63,3847.53,3727.63,153988440,hs300
2015/12/29,0.125,3762.05,3710.48,3723.05,3761.87,101885555,hs300
2015/12/30,0,3765.66,3726.28,3762.91,3765.18,105629955,hs300
2015/12/31,0.333333333,3772.62,3727.32,3760.9,3731,101873556,hs300
2016/1/4,0.114074074,3726.24,3469.01,3725.86,3470.41,115370674,hs300
2016/1/5,-0.2,3518.22,3377.28,3382.18,3478.78,162116984,hs300
2016/1/6,0.009615385,3543.74,3468.47,3482.41,3539.81,145966144,hs300
2016/1/7,-0.043336945,3481.15,3284.74,3481.15,3294.38,44102641,hs300
2016/1/8,-0.264516129,3418.85,3237.93,3371.87,3361.56,185959451,hs300
2016/1/11,-0.325581395,3342.48,3192.45,3303.12,3192.45,174638387,hs300
2016/1/12,-0.506329114,3242.25,3174.55,3214.82,3215.71,128225796,hs300
2016/1/13,-0.063291139,3257.3,3155.88,3240.48,3155.88,120666494,hs300
2016/1/14,-0.352272727,3226.66,3072.04,3076.64,3221.57,134537671,hs300
2016/1/15,-0.471910112,3216.8,3101.05,3200.89,3118.73,124601779,hs300
2016/1/18,-0.365079365,3165.62,3066.73,3068.23,3130.73,101128386,hs300
2016/1/19,0,3227.91,3119.22,3132.7,3223.12,127653893,hs300
2016/1/20,0.108695652,3225.95,3154.43,3204.22,3174.38,130650504,hs300
2016/1/21,0,3202.54,3081.35,3136.38,3081.35,111189733,hs300
2016/1/22,-0.875,3132.17,3053.96,3114.9,3113.46,89951087,hs300
2016/1/25,0,3149.33,3105.1,3129.03,3128.89,81540061,hs300
2016/1/26,-0.49382716,3106.53,2934.65,3099.6,2940.51,126933921,hs300
2016/1/27,-0.259615385,2963.54,2839.29,2953.18,2930.35,132229366,hs300
2016/1/28,-0.348623853,2941.89,2841.84,2909.33,2853.76,99222756,hs300
2016/1/29,-0.5,2965.31,2854.37,2855.6,2946.09,113304259,hs300
2016/2/1,-0.380952381,2944.52,2869.56,2939.04,2901.05,86795342,hs300
2016/2/2,-0.057142857,2972.43,2901.51,2901.53,2961.33,88601963,hs300
2016/2/3,0.021276596,2954.71,2909.9,2931.29,2948.64,77389000,hs300
2016/2/4,0,2999.21,2960.21,2960.33,2984.76,91779724,hs300
2016/2/5,-0.272727273,2988.36,2962.85,2982.06,2963.79,76850808,hs300
2016/2/15,0.47826087,2961.49,2886.02,2888.43,2946.71,72919434,hs300
2016/2/16,0,3042.09,2962.19,2962.19,3037.04,112579643,hs300
2016/2/17,-0.304347826,3065.78,3027.05,3034.09,3063.32,128291607,hs300
2016/2/18,0.193548387,3093.51,3049.84,3079.53,3053.7,124401464,hs300
2016/2/19,-0.114285714,3065.97,3032.63,3047.94,3051.58,87338012,hs300
2016/2/22,-0.088235294,3128.21,3071.33,3083.93,3118.87,140946968,hs300
2016/2/23,0.64516129,3119.22,3061.43,3117.2,3089.36,112567391,hs300
2016/2/24,-0.28,3109.55,3055.25,3077.61,3109.55,111782650,hs300
2016/2/25,-0.2,3104.44,2905.46,3104.41,2918.75,157829752,hs300
2016/2/26,-0.631578947,2964.39,2902.95,2942.1,2948.03,106949729,hs300
2016/2/29,-0.016666667,2939.87,2821.21,2939.58,2877.47,129341020,hs300
2016/3/1,-0.25,2950.44,2863.32,2881.34,2930.69,116045918,hs300
2016/3/2,0.6,3054.72,2933.12,2933.92,3051.33,175972347,hs300
2016/3/3,0.108108108,3078.44,3040.25,3050.39,3058.42,173105744,hs300
2016/3/4,-0.25,3101.66,3032.42,3047.54,3093.89,219172534,hs300
2016/3/7,-0.321428571,3130.9,3083.58,3109,3104.84,132462037,hs300
2016/3/8,-0.238095238,3109.25,3001.83,3100.15,3107.67,136235742,hs300
2016/3/9,-0.096774194,3072.92,3020.13,3045.92,3071.91,111466245,hs300
2016/3/10,-0.156862745,3074.16,3012.69,3056.21,3013.15,76072197,hs300
2016/3/11,-0.625,3026.44,2982.17,2990.21,3018.28,73333564,hs300
2016/3/14,0.25,3106.8,3034,3039.57,3065.69,117108655,hs300
2016/3/15,-0.216216216,3077.08,3028.58,3061.34,3074.78,98311941,hs300
2016/3/16,-0.06,3100.35,3064.52,3068.87,3090.03,124736448,hs300
2016/3/17,0.416666667,3147.84,3077.57,3096.81,3124.2,121661777,hs300
2016/3/18,0.37037037,3197.67,3130.1,3136.22,3171.96,197302564,hs300
2016/3/21,0.548387097,3267.78,3198.36,3203.29,3249.44,233269464,hs300
2016/3/22,0.166666667,3249.68,3218.73,3231.61,3225.79,161020897,hs300
2016/3/23,-0.05,3242.25,3202.98,3217.73,3236.09,125679286,hs300
2016/3/24,0.025,3221.91,3181.81,3211.5,3181.85,133131122,hs300
2016/3/25,-0.026315789,3204.44,3174.32,3176.81,3197.82,97395330,hs300
2016/3/28,-0.083333333,3229.62,3161.88,3206.95,3169.73,103441933,hs300
2016/3/29,0.0625,3178.07,3122.76,3171.31,3135.41,97294747,hs300
2016/3/30,-0.444444444,3216.68,3161.29,3161.29,3216.28,117802512,hs300
2016/3/31,-0.35483871,3241.93,3208.66,3229.2,3218.09,121552074,hs300
2016/4/1,-0.5,3222.61,3165.86,3213.67,3221.89,118122139,hs300
2016/4/5,-0.210526316,3271.93,3205.21,3211.3,3264.49,146047772,hs300
2016/4/6,0.09375,3267.64,3236.2,3250.52,3257.53,120196305,hs300
2016/4/7,0.275862069,3270.82,3208.64,3266.29,3209.29,112409467,hs300
2016/4/8,-0.151515152,3197.77,3163.3,3189.85,3185.73,101005625,hs300
2016/4/11,-0.21875,3251.57,3213.51,3213.51,3230.1,125212709,hs300
2016/4/12,0.1,3232.26,3198.9,3227.37,3218.45,92869437,hs300
2016/4/13,0.054054054,3296.52,3237.86,3237.86,3261.38,195613866,hs300
2016/4/14,-0.175,3286.07,3252.05,3277.1,3275.83,113157327,hs300
2016/4/15,-0.2,3282.98,3261.73,3279.86,3272.21,99807529,hs300
2016/4/18,0.384615385,3252.67,3221.66,3252.67,3228.45,97090069,hs300
2016/4/19,0.1,3250.73,3221.58,3243.97,3238.3,80871440,hs300
2016/4/20,-0.169811321,3248.42,3107.37,3244.14,3181.03,162207858,hs300
2016/4/21,0,3198.56,3150.94,3160.8,3160.6,104752651,hs300
2016/4/22,-0.206896552,3175.38,3137.99,3142.56,3174.9,77078492,hs300
2016/4/25,-0.24137931,3172.27,3137.11,3164.74,3162.03,67519351,hs300
2016/4/26,0.173913043,3181.1,3150.4,3159.77,3179.16,59020734,hs300
2016/4/27,0.3,3188.83,3162.69,3181.93,3165.92,60004147,hs300
2016/4/28,-0.647058824,3174.77,3135.64,3169.33,3160.58,69870660,hs300
2016/5/3,0,3218.49,3151.4,3159.82,3213.54,98164835,hs300
2016/5/4,0.413793103,3222.88,3198.29,3203.47,3209.46,90862408,hs300
2016/5/5,0.689655172,3217.28,3196.57,3204.17,3213.92,74733681,hs300
2016/5/6,2,3216.89,3130.15,3213.14,3130.35,108680240,hs300
2016/5/9,-0.24,3115.43,3055.01,3115.43,3065.62,99230477,hs300
2016/5/10,-0.333333333,3084.72,3055.18,3055.21,3069.11,68849935,hs300
2016/5/11,0.216216216,3102.88,3063.09,3080.64,3082.81,81794258,hs300
2016/5/12,0.193548387,3095.35,3035.02,3059.38,3090.14,78765726,hs300
2016/5/13,-0.276595745,3103.1,3064.69,3081.68,3074.94,62629755,hs300
2016/5/16,0.233333333,3095.56,3053.66,3064.53,3095.31,59461856,hs300
2016/5/17,0.375,3105.2,3073.46,3095.52,3086.02,65278125,hs300
2016/5/18,-0.45,3072.61,3039.46,3071.53,3068.04,82715369,hs300
2016/5/19,-0.033333333,3086.98,3058.15,3060.34,3062.5,60444166,hs300
2016/5/20,0.115384615,3078.53,3041.52,3047.78,3078.22,56080842,hs300
2016/5/23,0.5,3098.48,3076.5,3078.51,3087.22,59697216,hs300
2016/5/24,-0.035714286,3083.26,3052.59,3083.24,3063.56,58734385,hs300
2016/5/25,-0.238095238,3089.1,3054.87,3079.75,3059.23,56652803,hs300
2016/5/26,-0.791666667,3072.52,3027.44,3056.6,3064.21,60392981,hs300
2016/5/27,-0.315789474,3073.76,3052.18,3059.73,3062.5,60468750,hs300
2016/5/30,-0.15,3075.26,3037.66,3056.31,3066.71,63098579,hs300
2016/5/31,-0.483870968,3170.93,3068.6,3068.6,3169.56,138863111,hs300
2016/6/1,-0.325,3181.79,3159.82,3172.96,3160.55,113148482,hs300
2016/6/2,-0.413793103,3168.82,3151.07,3158.03,3167.1,86003427,hs300
2016/6/3,-0.238095238,3201.75,3162.09,3172.95,3189.33,101491783,hs300
2016/6/6,0.457142857,3197.22,3168.55,3192.78,3178.79,76693751,hs300
2016/6/7,-0.19047619,3186.62,3168.18,3182.44,3177.05,68928314,hs300
2016/6/8,0.523809524,3174.97,3148.35,3171.81,3163.99,76291775,hs300
2016/6/13,0.068965517,3145.61,3065.77,3134.05,3066.34,92975947,hs300
2016/6/14,0.25,3078.75,3055.66,3058.44,3075.98,66279457,hs300
2016/6/15,0.066666667,3128.67,3042.23,3043.96,3116.37,87393257,hs300
2016/6/16,0.166666667,3112.48,3089.48,3104.36,3094.67,82974703,hs300
2016/6/17,0.115384615,3131.05,3096.09,3096.09,3110.36,85402985,hs300
2016/6/20,0.136363636,3118.73,3089.71,3114.91,3112.67,63587141,hs300
2016/6/21,-0.55,3155.49,3097.94,3124.9,3106.32,87965345,hs300
2016/6/22,0.45,3134.06,3096.99,3100.45,3133.96,66487113,hs300
2016/6/23,-0.043478261,3129.72,3102.48,3129.72,3117.32,67751738,hs300
2016/6/24,-0.236842105,3130.54,3033.97,3110.65,3077.16,104792208,hs300
2016/6/27,-0.357142857,3120.64,3064.97,3065.13,3120.54,83267259,hs300
2016/6/28,-0.083333333,3139.43,3099.7,3107.4,3136.4,92024637,hs300
2016/6/29,0.176470588,3158.08,3139.13,3142.48,3151.39,103723668,hs300
2016/6/30,0.578947368,3163.72,3148.2,3152.83,3153.92,79692617,hs300
2016/7/1,-0.105263158,3170.26,3148.29,3156.93,3154.2,71746283,hs300
2016/7/4,0.111111111,3210.6,3134.02,3136.39,3204.7,133310529,hs300
2016/7/5,0.37037037,3216.7,3198,3199.16,3207.38,130226895,hs300
2016/7/6,0,3217.52,3183.45,3197.62,3216.8,124897458,hs300
2016/7/7,1.15,3220.54,3190.12,3206.55,3209.95,118595202,hs300
2016/7/8,0.68,3204.93,3183.96,3199.75,3192.28,89734855,hs300
2016/7/11,0.416666667,3235.96,3197.63,3199.04,3203.33,138529511,hs300
2016/7/12,0.1,3273.47,3200.3,3201.91,3273.18,172534217,hs300
2016/7/13,0,3300.99,3271.78,3274.02,3282.87,175196090,hs300
2016/7/14,0,3281.95,3259.07,3277.48,3276.76,107525798,hs300
2016/7/15,0.576923077,3285.03,3265.29,3278.84,3276.28,102665026,hs300
2016/7/18,0.03030303,3281.64,3251.77,3269.71,3262.02,110312518,hs300
2016/7/19,0.80952381,3264.73,3226.2,3260.43,3248.23,88886861,hs300
2016/7/20,-0.28125,3254.51,3232.26,3246.86,3237.6,72701255,hs300
2016/7/21,0.3125,3271.37,3238.3,3238.34,3252.52,86004825,hs300
2016/7/22,-0.136363636,3253.77,3220.89,3251.24,3225.16,86029128,hs300
2016/7/25,0.227272727,3243.79,3218.14,3220.17,3230.89,70203185,hs300
2016/7/26,-0.066666667,3269.75,3228.01,3228.23,3269.59,81051089,hs300
2016/7/27,0.311111111,3276.51,3157.41,3270.08,3218.24,160188665,hs300
2016/8/1,-0.119047619,3199.98,3156.75,3196.43,3176.81,87003497,hs300
2016/8/2,0,3189.05,3165.54,3173.76,3189.05,62167639,hs300
2016/8/3,-0.388888889,3197.16,3173.54,3179.68,3193.51,72864102,hs300
2016/8/4,0.538461538,3201.55,3170.42,3190.55,3201.29,73504373,hs300
2016/8/5,0.692307692,3224.87,3192.86,3201.35,3205.11,77196366,hs300
2016/8/8,0.105263158,3234.48,3187.25,3199.57,3234.18,86676051,hs300
2016/8/9,0.428571429,3257.33,3229.17,3232.6,3256.98,91065259,hs300
2016/8/10,0,3261.86,3242.75,3255.18,3243.34,90430372,hs300
2016/8/11,-0.533333333,3274.03,3232.61,3239.56,3233.36,101041213,hs300
2016/8/12,0.043478261,3294.23,3231.14,3231.81,3294.23,116254044,hs300
2016/8/15,-0.458333333,3417.91,3302.38,3303.47,3393.42,220543421,hs300
2016/8/16,0.4,3418.69,3372.02,3403.38,3378.25,196389740,hs300
2016/8/17,-0.029411765,3394.39,3356.92,3377.77,3373.05,138847688,hs300
2016/8/18,0.857142857,3394.79,3349.69,3369.95,3364.49,142380169,hs300
2016/8/19,-0.625,3374.04,3341.19,3358.55,3365.02,119961508,hs300
2016/8/22,-0.333333333,3372.83,3335.47,3364.68,3336.79,107951008,hs300
2016/8/23,0,3359.65,3324.96,3332.62,3341.83,92924516,hs300
2016/8/24,1,3348.13,3323.73,3341.93,3329.86,81191429,hs300
2016/8/25,-0.111111111,3315.08,3279.81,3314.08,3308.97,100589153,hs300
2016/8/26,0,3328.95,3301.74,3312.5,3307.09,81530691,hs300
2016/8/29,0.125,3315.08,3297.07,3306.57,3307.78,77036333,hs300
2016/8/30,-0.545454545,3325.12,3304.6,3310.32,3311.99,75725987,hs300
2016/8/31,-0.705882353,3333.97,3304.66,3310.57,3327.79,79570805,hs300
2016/9/1,-0.173913043,3329.35,3301.21,3326.74,3301.58,84947219,hs300
2016/9/2,-0.5,3320.43,3295.76,3298.72,3314.11,82791803,hs300
2016/9/5,0.3,3338.42,3314.63,3321.01,3319.68,78292477,hs300
2016/9/6,0,3347.95,3300.13,3322.02,3342.63,98283998,hs300
2016/9/7,-0.25,3357.36,3337.75,3344.07,3340.82,102940106,hs300
2016/9/8,0.333333333,3343.4,3328.23,3338.01,3339.56,71916158,hs300
2016/9/9,0.916666667,3344.95,3318.04,3339.37,3318.04,82657036,hs300
2016/9/12,-0.517241379,3276.72,3234.57,3271.87,3262.6,122917682,hs300
2016/9/13,-0.615384615,3269.22,3246.39,3265.34,3260.33,67180288,hs300
2016/9/14,-1.0625,3255,3231.34,3245.74,3238.73,70432697,hs300
2016/9/19,-0.727272727,3264.9,3242.74,3242.74,3263.12,58831082,hs300
2016/9/20,-0.583333333,3265.04,3252.39,3264.66,3257.4,52784206,hs300
2016/9/21,-0.333333333,3270.9,3254.32,3257.71,3266.64,59142979,hs300
2016/9/22,-1,3303.2,3277.98,3281.47,3291.12,75753542,hs300
2016/9/23,0,3293.92,3275.02,3292.28,3275.67,57993986,hs300
2016/9/26,-0.444444444,3267.69,3220.28,3267.69,3220.28,70452186,hs300
2016/9/27,-0.285714286,3240.78,3214.44,3214.87,3240.75,58460550,hs300
2016/9/28,-0.666666667,3243.65,3228,3243.65,3230.89,44727498,hs300
2016/9/29,-0.272727273,3257.77,3234.8,3234.86,3244.39,55452556,hs300
2016/9/30,0,3260.94,3239.04,3240.18,3253.28,44978022,hs300
2016/10/10,0.666666667,3294.64,3258.96,3265.36,3293.87,80519260,hs300
2016/10/11,1.166666667,3308,3292.88,3296.87,3306.56,87713163,hs300
2016/10/12,0.2,3302.56,3289.75,3299.14,3300.01,68669781,hs300
2016/10/13,1,3307.41,3292.4,3299.16,3302.65,81224198,hs300
2016/10/14,-0.555555556,3306.69,3285.73,3298.73,3305.85,82316271,hs300
2016/10/17,-1.375,3309.01,3271.54,3305.96,3277.88,86113509,hs300
2016/10/18,1.25,3321.33,3272.68,3272.68,3321.33,102860714,hs300
2016/10/19,-0.166666667,3332.52,3309.83,3323.3,3316.24,101167725,hs300
2016/10/20,0,3324.9,3312.17,3317.18,3318.6,79238871,hs300
2016/10/21,0.222222222,3341.56,3309.18,3315.72,3327.74,109785176,hs300
2016/10/24,0,3382.83,3330.97,3332.51,3367.58,153014345,hs300
2016/10/25,-0.125,3373.91,3356.59,3367.48,3367.45,111191693,hs300
2016/10/26,0.6,3367.83,3349.57,3365.2,3354.8,98024786,hs300
2016/10/27,1.375,3352.35,3335.13,3351.46,3345.7,77629851,hs300
2016/10/28,-0.25,3370.75,3337.29,3347.14,3340.13,93133309,hs300
2016/11/1,0,3359.39,3334.46,3338.71,3359.05,74938199,hs300
2016/11/2,1.2,3356.4,3331.38,3350.71,3333.35,91197104,hs300
2016/11/3,-0.142857143,3379.99,3324.84,3326.9,3365.08,126223504,hs300
2016/11/4,0.25,3377.64,3348.43,3362.21,3354.17,104069655,hs300
2016/11/7,-0.25,3362.74,3342.31,3353.44,3356.59,99877988,hs300
2016/11/8,0.375,3383.92,3361.13,3367.7,3371.12,103148282,hs300
2016/11/9,-0.636363636,3373.1,3322.08,3370.6,3353.05,139110059,hs300
2016/11/10,-0.333333333,3403.02,3374.91,3374.91,3390.61,134705535,hs300
2016/11/11,0.5,3422.67,3382.89,3387.95,3417.22,198781496,hs300
2016/11/14,-1.6,3452.62,3408.14,3409.22,3430.25,213247105,hs300
2016/11/15,0,3434.92,3415.99,3428.87,3429.87,134566320,hs300
2016/11/16,0.5,3435.64,3419.24,3432.43,3429.59,129808511,hs300
2016/11/17,-0.666666667,3437.67,3412.88,3423.47,3436.53,121561731,hs300
2016/11/18,-0.571428571,3443.12,3413.27,3437.49,3417.46,115951205,hs300
2016/11/21,-0.75,3463.14,3412.08,3412.65,3441.11,146434529,hs300
2016/11/22,0,3469.22,3443.22,3443.22,3468.36,168523446,hs300
2016/11/23,0.307692308,3492.96,3465.76,3473.9,3474.73,162388504,hs300
2016/11/24,-0.125,3508.16,3467.01,3468.81,3488.74,145746301,hs300
2016/11/25,0.272727273,3521.3,3463.95,3490.04,3521.3,153621506,hs300
2016/11/28,0.888888889,3553.36,3528.32,3538.68,3535.08,207375483,hs300
2016/11/29,-0.2,3583.72,3521.38,3525.9,3564.04,236918356,hs300
2016/12/1,0.2,3575.97,3543.25,3543.96,3565.04,180170761,hs300
2016/12/2,-0.214285714,3562.55,3516.79,3559.77,3528.95,196355480,hs300
2016/12/5,-0.470588235,3496.88,3457.34,3473.69,3469.41,180852355,hs300
2016/12/6,-0.166666667,3477.59,3456.81,3466.24,3459.15,115529090,hs300
2016/12/7,0.8,3475.75,3445.76,3458.37,3475.75,114345103,hs300
2016/12/8,0.8,3484.34,3466.51,3481.81,3470.14,117383922,hs300
2016/12/9,-0.3125,3507.93,3461.76,3464.87,3493.7,150303308,hs300
2016/12/12,-0.75,3495.8,3400.79,3489.27,3409.18,187467751,hs300
2016/12/13,-0.75,3416.21,3370.6,3394.21,3405.04,121105097,hs300
2016/12/14,-0.384615385,3412.28,3378.27,3399.41,3378.95,124007744,hs300
2016/12/15,-0.153846154,3378.04,3327.14,3363.86,3340.43,114960660,hs300
2016/12/16,1,3356.29,3330.49,3335.36,3346.03,90775422,hs300
2016/12/19,-0.384615385,3344.86,3325,3342.34,3328.98,81640678,hs300
2016/12/20,-0.375,3329.1,3289.27,3328.3,3309.06,87569592,hs300
2016/12/21,-0.846153846,3342.48,3313.75,3313.75,3338.54,108254995,hs300
2016/12/22,0.166666667,3340.36,3322.72,3335.12,3335.67,92277249,hs300
2016/12/23,-0.6,3334.89,3300.88,3333.4,3307.6,97444713,hs300
2016/12/26,-0.642857143,3322.42,3267.05,3293.22,3322.4,89793982,hs300
2016/12/27,-0.3,3330.23,3315.83,3319.21,3316.39,75486359,hs300
2016/12/28,-0.529411765,3320.55,3293.17,3315.75,3301.89,69000437,hs300
2016/12/29,-0.285714286,3312.11,3288.1,3297.04,3297.76,70087923,hs300
2017/1/3,1,3345.26,3313.95,3313.95,3342.23,86567896,hs300
2017/1/4,0.222222222,3369.57,3338.15,3340.56,3368.31,90050827,hs300
2017/1/5,1,3373.41,3361.46,3368.34,3367.79,88336357,hs300
2017/1/6,1.5,3368.87,3346.89,3366.85,3347.67,87459114,hs300
2017/1/9,-0.125,3366.22,3344.35,3345.75,3363.9,83707942,hs300
2017/1/10,0.090909091,3370.51,3354.09,3361.64,3358.27,83819160,hs300
2017/1/11,-0.428571429,3366.63,3334.3,3355.8,3334.5,91071438,hs300
2017/1/12,-0.125,3343.13,3315.96,3332.69,3317.62,81239135,hs300
2017/1/13,-0.05,3338.17,3309.37,3317.96,3319.91,84180589,hs300
2017/1/16,-0.3,3322.78,3264.21,3314.15,3319.45,157779135,hs300
2017/1/17,0.285714286,3327.38,3292.2,3305.6,3326.36,69453328,hs300
2017/1/18,-0.130434783,3350.96,3320.41,3323.34,3339.37,70623227,hs300
2017/1/19,-0.384615385,3346.5,3324.68,3330.95,3329.29,66159808,hs300
2017/1/20,-0.8,3358.41,3326.37,3326.98,3354.89,65300462,hs300
2017/1/23,-0.571428571,3378.74,3355.85,3359.05,3364.08,75557498,hs300
2017/1/24,-0.083333333,3371.32,3355.9,3363.14,3364.45,66194226,hs300
2017/1/25,0,3376.44,3357.22,3361.66,3375.9,58376931,hs300
2017/1/26,-0.166666667,3395.88,3378.26,3378.26,3387.96,65316647,hs300
2017/2/3,0.1,3392.48,3362.57,3390.93,3364.49,55188861,hs300
2017/2/6,-0.363636364,3381.33,3358.75,3368.11,3373.21,68521360,hs300
2017/2/7,-0.555555556,3376.71,3354.62,3371.77,3365.68,63754462,hs300
2017/2/8,-0.555555556,3383.69,3347.43,3361.78,3383.29,75402879,hs300
2017/2/9,0.5,3406.59,3379.79,3381.9,3396.29,97558515,hs300
2017/2/10,0.666666667,3422.33,3398.03,3398.32,3413.49,123768720,hs300
2017/2/13,-1.5,3439.54,3416.87,3416.92,3436.27,120144538,hs300
2017/2/14,2,3440.67,3424.4,3438.51,3435.8,94809465,hs300
2017/2/15,-0.666666667,3448.03,3417.08,3435.39,3421.71,127643338,hs300
2017/2/16,0.777777778,3440.93,3418.35,3421.83,3440.93,108276962,hs300
2017/2/17,-0.2,3457.56,3419.61,3443.62,3421.44,114600036,hs300
2017/2/20,0,3472.6,3421.64,3421.64,3471.39,132628862,hs300
2017/2/21,-0.428571429,3490.09,3472.02,3475.06,3482.82,114842009,hs300
2017/2/22,1,3489.95,3473.52,3483.2,3489.76,102815994,hs300
2017/2/23,-0.714285714,3492.96,3460.12,3487.57,3473.32,99536330,hs300
2017/2/24,0,3473.85,3455.25,3468.96,3473.85,95535133,hs300
2017/2/27,0,3472.84,3441.39,3471.13,3446.22,98672160,hs300
2017/3/1,0,3472.7,3449.11,3452.21,3458.44,103260354,hs300
2017/3/2,-0.111111111,3468.47,3434,3463.48,3435.1,89898077,hs300
2017/3/3,-0.6,3428.88,3412.83,3424.66,3427.86,80994652,hs300
2017/3/6,0.125,3449.03,3425.9,3427.25,3446.48,83070882,hs300
2017/3/7,0,3454.04,3440.06,3446.16,3453.96,80334720,hs300
2017/3/8,-0.375,3457.04,3441.26,3452.2,3448.73,79587690,hs300
2017/3/9,-0.066666667,3443.05,3414.68,3442.9,3426.94,84570381,hs300
2017/3/10,-0.363636364,3436.24,3423.94,3423.98,3427.89,70016199,hs300
2017/3/13,0.714285714,3458.1,3412.69,3425.67,3458.1,91684124,hs300
2017/3/14,-0.5,3465.39,3448.9,3456.66,3456.69,77077963,hs300
2017/3/15,-0.076923077,3463.92,3445.27,3452.21,3463.64,79104954,hs300
2017/3/16,0.1,3492.13,3472.27,3472.27,3481.51,106333913,hs300
2017/3/17,-0.6,3488.5,3441.47,3485.31,3445.81,103755560,hs300
2017/3/20,-0.222222222,3454.06,3429.83,3449.05,3449.61,88734322,hs300
2017/3/21,-0.333333333,3466.7,3445.64,3449.77,3466.35,87707855,hs300
2017/3/22,-0.5,3464.33,3433.5,3450.75,3450.05,104935894,hs300
2017/3/23,-0.4,3470.82,3435.69,3452.41,3461.98,94318062,hs300
2017/3/24,0,3499.32,3461.11,3464.2,3489.6,125645833,hs300
2017/3/27,0.090909091,3505.98,3474.52,3488.76,3478.04,107015377,hs300
2017/3/28,-0.5,3482.29,3461.47,3480.25,3469.81,84194820,hs300
2017/3/29,0.384615385,3483.06,3455.55,3472.97,3465.19,104851706,hs300
2017/3/30,-0.210526316,3467.3,3422.37,3461.62,3436.76,116376922,hs300
2017/3/31,-0.357142857,3456.31,3430.82,3434.82,3456.05,91577491,hs300
2017/4/5,-0.333333333,3504.54,3475.15,3476.42,3503.89,143399017,hs300
2017/4/6,-0.222222222,3517.78,3495.72,3507.99,3514.05,136767004,hs300
2017/4/7,-0.125,3526.81,3506.39,3514.45,3517.46,140293204,hs300
2017/4/10,-0.222222222,3522.8,3502.08,3519.46,3505.14,141887380,hs300
2017/4/11,-0.222222222,3520.13,3466.14,3503.83,3517.33,165945832,hs300
2017/4/12,0.857142857,3523.1,3498,3514.57,3509.44,181824537,hs300
2017/4/13,0.066666667,3518.44,3496.57,3500.28,3514.57,129981813,hs300
2017/4/14,-0.260869565,3517.47,3476.95,3516.81,3486.5,135474078,hs300
2017/4/17,0.05,3480.57,3453.68,3475.74,3479.94,117164961,hs300
2017/4/18,-0.363636364,3489.08,3462.63,3474.89,3462.74,110927823,hs300
2017/4/19,0.166666667,3459.35,3418.51,3452.99,3445.88,121349264,hs300
2017/4/20,-0.444444444,3465.61,3440.72,3444.52,3461.55,114184208,hs300
2017/4/21,0.1,3475.56,3449.54,3461.39,3466.79,104419110,hs300
2017/4/24,-0.34375,3458.23,3403.98,3458.23,3431.26,114660791,hs300
2017/4/25,0.210526316,3449.67,3422.65,3427.73,3440.97,94072148,hs300
2017/4/26,-0.666666667,3466.57,3439.15,3440.25,3445.18,111940029,hs300
2017/4/27,-0.461538462,3449.27,3399.54,3435.1,3446.72,123298425,hs300
2017/4/28,-0.625,3439.9,3417.24,3439.57,3439.75,101632351,hs300
2017/5/2,0,3436.31,3418.67,3427.92,3426.58,92797462,hs300
2017/5/3,0.307692308,3432.22,3403.08,3421.76,3413.13,91669624,hs300
2017/5/4,0,3421.4,3391.28,3404.94,3404.39,103482075,hs300
2017/5/5,-0.142857143,3395.45,3366.56,3393.48,3382.55,109895333,hs300
2017/5/8,-0.75,3374.16,3339.57,3369.11,3358.81,123749287,hs300
2017/5/9,-0.652173913,3358.05,3327.59,3342.6,3352.53,76771668,hs300
2017/5/10,-0.394736842,3369.43,3336,3350.65,3337.7,92082628,hs300
2017/5/11,-0.394736842,3359.6,3312.89,3322.95,3356.65,109252890,hs300
2017/5/12,-0.529411765,3387.27,3349.17,3350.94,3385.38,93386466,hs300
2017/5/15,-0.181818182,3406.58,3391.59,3391.59,3399.19,82977611,hs300
2017/5/16,0.642857143,3428.85,3373.55,3390.93,3428.65,105242416,hs300
2017/5/17,0,3433.97,3408.15,3423.19,3409.97,99736837,hs300
2017/5/18,-0.916666667,3409.93,3383.94,3387.67,3398.11,85759589,hs300
2017/5/19,-0.157894737,3405.94,3392.38,3395.23,3403.85,71473525,hs300
2017/5/22,0.047619048,3424.18,3391.17,3400.59,3411.24,92539559,hs300
2017/5/23,-0.365384615,3434.77,3401.53,3405.03,3424.19,116911033,hs300
2017/5/24,-0.333333333,3424.17,3383.89,3409.72,3424.17,83553161,hs300
2017/5/25,0.178571429,3490.42,3413.22,3414.4,3485.66,130721631,hs300
2017/5/26,-0.48,3498.31,3473.04,3479.62,3480.43,103241153,hs300
2017/5/31,-0.35483871,3515.08,3474.92,3495.07,3492.88,104829744,hs300
2017/6/1,-0.466666667,3499.81,3476.43,3485.22,3497.74,103127724,hs300
2017/6/2,-0.083333333,3498.12,3470.2,3491.59,3486.51,82668010,hs300
2017/6/5,-0.666666667,3484.12,3462.31,3480.17,3468.75,79738152,hs300
2017/6/6,-0.6875,3492.88,3460.45,3464.38,3492.88,64089388,hs300
2017/6/7,-0.375,3537.09,3491.13,3493.88,3533.87,104419968,hs300
2017/6/8,0.142857143,3562.27,3528.18,3531.24,3560.98,90224905,hs300
2017/6/9,-0.0625,3590.89,3560.63,3561.24,3576.17,101188265,hs300
2017/6/12,-0.3125,3603.69,3565.9,3570.22,3574.39,90381167,hs300
2017/6/13,0.041666667,3584.41,3559.21,3569.16,3582.27,75177138,hs300
2017/6/14,-0.263157895,3571.25,3530.27,3571.25,3535.3,83810783,hs300
2017/6/15,0.266666667,3542.28,3508.95,3530.75,3528.79,82632535,hs300
2017/6/16,0,3536.14,3514.39,3522.97,3518.76,76452707,hs300
2017/6/19,0.133333333,3554.91,3520.06,3520.06,3553.67,79797141,hs300
2017/6/20,-0.6,3563.7,3539.51,3560.79,3546.49,80509559,hs300
2017/6/21,-0.066666667,3587.99,3545.57,3567.13,3587.96,87859824,hs300
2017/6/22,0.4375,3635.53,3581.34,3583.56,3590.34,135526987,hs300
2017/6/23,-0.125,3623.24,3569.32,3583.44,3622.88,105129134,hs300
2017/6/26,-0.523809524,3671.94,3627.02,3627.02,3668.09,134637995,hs300
2017/6/27,0.181818182,3676.53,3648.76,3665.58,3674.72,97558702,hs300
2017/6/28,0.3,3672.19,3644.03,3664.16,3646.17,97920858,hs300
2017/6/29,0,3669.13,3644.73,3649.25,3668.83,85589498,hs300
2017/6/30,0.142857143,3669.76,3646.23,3654.73,3666.8,81510028,hs300
2017/7/3,-0.4,3667.6,3633.78,3667.23,3650.85,88820860,hs300
2017/7/4,-0.444444444,3646.85,3611.69,3646.83,3619.98,95071413,hs300
2017/7/5,0.153846154,3660.73,3610.46,3611.9,3659.68,88232425,hs300
2017/7/6,-0.636363636,3666.77,3629.56,3654.56,3660.1,102379245,hs300
2017/7/7,-0.7,3657.11,3631.87,3647.64,3655.93,103735497,hs300
2017/7/10,1.111111111,3667.85,3641.53,3647.94,3653.69,120591910,hs300
2017/7/11,0,3701.21,3645.99,3646.88,3670.81,118760826,hs300
2017/7/12,0.307692308,3691.58,3640.59,3672.63,3658.82,122287792,hs300
2017/7/13,0,3690.48,3652.57,3656.35,3686.92,125669549,hs300
2017/7/14,-0.909090909,3703.09,3672.74,3682.62,3703.09,105514005,hs300
2017/7/17,-0.625,3716.47,3621.37,3700.62,3663.56,178821600,hs300
2017/7/18,-0.5,3667.54,3622.04,3648.49,3667.18,124622056,hs300
2017/7/19,-0.833333333,3731.05,3658.2,3660.87,3729.75,182477787,hs300
2017/7/20,-0.214285714,3750.19,3723.07,3725.14,3747.88,142410039,hs300
2017/7/21,-0.888888889,3751.69,3722.07,3738.18,3728.6,117941226,hs300
2017/7/24,-0.272727273,3755.19,3719.85,3724.38,3743.47,134868722,hs300
2017/7/25,-0.066666667,3752.16,3713.28,3742.64,3719.56,121672059,hs300
2017/7/26,0.266666667,3738.53,3684.18,3722.88,3705.39,136325210,hs300
2017/7/27,-0.80952381,3716.69,3672.5,3700.86,3712.19,145002904,hs300
2017/7/28,-0.142857143,3725.54,3696.78,3703.49,3721.89,111411392,hs300
2017/8/1,0.8,3770.4,3737.1,3738.74,3770.38,152546539,hs300
2017/8/2,0.142857143,3784.35,3759.28,3768.19,3760.85,172293383,hs300
2017/8/3,-0.181818182,3766.35,3718.44,3755.11,3727.83,146153944,hs300
2017/8/4,-0.166666667,3738.73,3707,3724.72,3707.58,157470060,hs300
2017/8/7,-0.6,3730.78,3689.96,3701.22,3726.79,124231530,hs300
2017/8/8,0.818181818,3737.33,3718.81,3724.33,3732.21,137241928,hs300
2017/8/9,-0.4,3739,3713.57,3728.03,3731.04,124679989,hs300
2017/8/10,0.333333333,3746.86,3688.18,3724.96,3715.92,130085128,hs300
2017/8/11,0.466666667,3700.49,3645.09,3687.93,3647.35,150387421,hs300
2017/8/14,0.25,3698.37,3651.38,3651.38,3694.68,115308451,hs300
2017/8/15,0.666666667,3719.29,3692.28,3695.78,3706.06,106444857,hs300
2017/8/16,-0.125,3707.14,3679.73,3701.13,3701.42,104134141,hs300
2017/8/17,0.428571429,3722.62,3704.41,3707.07,3721.28,108656251,hs300
2017/8/18,0.142857143,3733.49,3700.41,3707.19,3724.67,96561705,hs300
2017/8/21,0.5,3744.26,3728.62,3731.84,3740.99,100313073,hs300
2017/8/22,0,3758.29,3734.56,3745.75,3752.3,100292856,hs300
2017/8/23,-0.4375,3772.46,3741.72,3747.61,3756.09,104961573,hs300
2017/8/24,0.5,3765.71,3729.09,3755.89,3734.65,89947372,hs300
2017/8/25,-0.666666667,3795.97,3736.29,3736.29,3795.75,129940900,hs300
2017/8/28,0.083333333,3866.94,3805.66,3805.66,3842.71,185576325,hs300
2017/8/29,0.6,3847.93,3825.76,3839.18,3834.54,128227070,hs300
2017/8/30,-0.538461538,3854.71,3827.86,3834.27,3834.3,141352857,hs300
2017/8/31,-0.25,3840.2,3800.89,3835.84,3822.09,132944935,hs300
2017/9/1,-0.5,3843.62,3818.16,3825.34,3830.54,158645511,hs300
2017/9/4,0,3847.09,3813.55,3828.54,3845.62,149566320,hs300
2017/9/5,0.25,3865.29,3841.95,3845.55,3857.05,124964155,hs300
2017/9/6,0,3858.25,3831.38,3846.75,3849.45,131398723,hs300
2017/9/7,0,3858.16,3828.83,3851.69,3829.87,123884181,hs300
2017/9/8,0.6,3843.02,3813.98,3830.07,3825.99,106036504,hs300
2017/9/11,0.416666667,3850.74,3817.51,3828.34,3825.65,123883997,hs300
2017/9/12,0.6,3849.39,3822,3832.24,3837.93,144190242,hs300
2017/9/13,-0.111111111,3847.78,3822.94,3835.55,3842.61,95410785,hs300
2017/9/14,0,3854.49,3820.09,3843.57,3829.96,115358583,hs300
2017/9/15,0,3843.3,3818.52,3826.14,3831.3,122427006,hs300
2017/9/18,0.571428571,3862.36,3832.96,3832.96,3843.14,117934405,hs300
2017/9/19,0.7,3857.3,3820.29,3849.88,3832.12,112432987,hs300
2017/9/20,0.142857143,3850.94,3827.89,3830.15,3842.44,101129542,hs300
2017/9/21,0.166666667,3860.8,3837.38,3843.26,3837.82,111098192,hs300
2017/9/22,1.25,3842.25,3816.82,3826.46,3837.73,100619802,hs300
2017/9/25,0,3835.39,3811.12,3829.22,3817.79,103948976,hs300
2017/9/26,-0.727272727,3821.69,3808.38,3810.33,3820.78,81869407,hs300
2017/9/27,0.5,3832.57,3818.81,3818.96,3821.2,85655811,hs300
2017/9/28,0.272727273,3827.33,3813.75,3821.59,3822.54,93544069,hs300
2017/9/29,0.5,3852.22,3825.2,3825.2,3836.5,93306028,hs300
2017/10/9,-0.5,3918.84,3876.03,3910.11,3882.21,135535851,hs300
2017/10/10,0,3900.74,3855.47,3883,3889.86,112532586,hs300
2017/10/11,0.625,3913.07,3885.5,3886.82,3902.69,104418151,hs300
2017/10/12,0.647058824,3917.44,3897.55,3902.02,3912.95,94340921,hs300
2017/10/13,-0.125,3927.17,3908.89,3912.98,3921,90142068,hs300
2017/10/16,-0.1,3947.42,3913.32,3926.28,3913.45,121355033,hs300
2017/10/17,-0.25,3924.61,3900.48,3910.79,3913.07,82241227,hs300
2017/10/18,0.9,3944.41,3914.82,3914.82,3944.16,100969841,hs300
2017/10/19,0.357142857,3944.03,3923.65,3940.58,3931.25,106527252,hs300
2017/10/20,-0.125,3928.96,3910.2,3918.53,3926.85,72980180,hs300
2017/10/23,0,3936.27,3920.66,3930.89,3930.8,81484980,hs300
2017/10/24,0,3959.5,3922.03,3926.23,3959.4,93058154,hs300
2017/10/25,0.1,3978.09,3954,3958.17,3976.95,88205458,hs300
2017/10/26,0.375,4013.6,3973.55,3980.05,3993.58,129895465,hs300
2017/10/27,1,4024.46,3991.35,3992.55,4021.97,126672846,hs300
2017/10/30,0.6,4033.34,3960.27,4022.16,4009.72,157387603,hs300
2017/10/31,-0.6,4009.28,3983.26,3995.39,4006.72,109178779,hs300
2017/11/1,-0.125,4032.46,3991.32,4007.91,3996.62,130417380,hs300
2017/11/2,0.2,3999.23,3971.38,3994.09,3997.13,126100579,hs300
2017/11/3,-0.4,3999.34,3963.03,3992.35,3992.7,129404439,hs300
2017/11/6,1,4021.64,3975.41,3989.18,4020.89,122081159,hs300
2017/11/7,0.2,4064.22,4021.36,4022.4,4054.25,152116663,hs300
2017/11/8,0.666666667,4089.15,4040.58,4051.49,4048.01,150827719,hs300
2017/11/9,0,4076.61,4038.4,4043.07,4075.9,121056335,hs300
2017/11/10,0.833333333,4116.71,4067.66,4070.28,4111.91,141817165,hs300
2017/11/13,0,4137.65,4115.55,4115.55,4128.07,151446309,hs300
2017/11/14,0.142857143,4133.55,4086.89,4129.27,4099.35,143236936,hs300
2017/11/15,1.076923077,4102.81,4055.72,4084.21,4073.67,120635696,hs300
2017/11/16,0.5,4107.62,4062.27,4063.49,4105.01,121384414,hs300
2017/11/17,-0.529411765,4122.38,4081.37,4094.08,4120.85,191784119,hs300
2017/11/20,-0.75,4144.51,4060.96,4093.73,4143.83,137447258,hs300
2017/11/21,0,4220.26,4129.98,4131.85,4217.7,180350821,hs300
2017/11/22,-0.5,4260.64,4191.15,4228.37,4227.57,186477003,hs300
2017/11/23,-0.333333333,4214.19,4086.9,4213.38,4102.4,178147228,hs300
2017/11/24,-0.583333333,4116.59,4057.49,4089.47,4104.2,130858040,hs300
2017/11/27,-0.071428571,4088.93,4037.15,4088.93,4049.95,143455268,hs300
2017/11/28,0.25,4056.48,4010.3,4034.21,4055.82,102058095,hs300
2017/11/29,-0.523809524,4069.24,4004.69,4061.35,4053.75,124553642,hs300
2017/11/30,-0.142857143,4052.8,3988,4034.01,4006.1,107983345,hs300
2017/12/1,0.142857143,4027.11,3984.38,4003.56,3998.14,97386913,hs300
2017/12/4,0,4032.99,3982.32,3989.05,4018.86,102647219,hs300
2017/12/5,-0.25,4045.93,4006.54,4007.94,4040.17,154087076,hs300
2017/12/6,-0.285714286,4031.75,3964.81,4027.12,4015.82,109286205,hs300
2017/12/7,-0.375,4017.95,3955.99,4003.58,3971.06,90254045,hs300
2017/12/8,-0.545454545,4014.14,3955.44,3962.83,4003.38,89282861,hs300
2017/12/11,-0.111111111,4069.5,4005.27,4006.88,4069.5,97148946,hs300
2017/12/12,-1.2,4070.15,4015.45,4068.51,4016.02,84338718,hs300
2017/12/13,-0.461538462,4052.69,4004.74,4013.83,4050.09,77546131,hs300
2017/12/14,0.1,4057.62,4013.85,4050.9,4026.15,80768862,hs300
2017/12/15,-0.5,4020.27,3974.93,4018.73,3980.86,89044389,hs300
2017/12/18,-0.166666667,4008.07,3967.93,3983.3,3985.29,77853375,hs300
2017/12/19,0.714285714,4035.63,3985.82,3985.82,4035.33,77528985,hs300
2017/12/20,0,4044.85,4015.63,4036.02,4030.49,90604503,hs300
2017/12/21,0.222222222,4080.78,4014.65,4023.08,4067.85,96836089,hs300
2017/12/22,0.272727273,4076.8,4048.49,4064.91,4054.6,73473684,hs300
2017/12/25,0,4086.93,4026.45,4057.42,4041.54,91926962,hs300
2017/12/26,-0.571428571,4056.86,4015.3,4040.62,4053.62,91118790,hs300
2017/12/27,-0.75,4047.74,3986.74,4045.28,3991.21,105153577,hs300
2017/12/28,-0.111111111,4036.7,3980.24,3993,4018.9,118542886,hs300
2017/12/29,0,4043.14,4012.88,4022.88,4030.85,90486683,hs300
2018/1/2,0.636363636,4087.78,4045.21,4045.21,4087.4,146935435,hs300
2018/1/3,0.285714286,4140.05,4088.73,4091.46,4111.39,151852218,hs300
2018/1/4,-0.25,4137.64,4105.89,4114.12,4128.81,134543794,hs300
2018/1/5,0.571428571,4151.28,4123.28,4133.34,4138.75,149009872,hs300
2018/1/8,0,4166.32,4127.31,4140.85,4160.16,173877666,hs300
2018/1/9,0.666666667,4191.28,4153.5,4157.54,4189.3,139034294,hs300
2018/1/10,1.25,4211.05,4175.14,4187.2,4207.81,151121666,hs300
2018/1/11,0.333333333,4211.8,4181.96,4197.11,4205.59,121578539,hs300
2018/1/12,0,4227.39,4199.02,4205.14,4225,111354794,hs300
2018/1/15,-0.3125,4262.93,4216.36,4229.84,4225.24,170907897,hs300
2018/1/16,-0.625,4260.21,4213.13,4215.62,4258.47,161494963,hs300
2018/1/17,-0.058823529,4283.34,4230.54,4261.78,4248.12,214311032,hs300
2018/1/18,0.25,4292.64,4246.68,4259.38,4271.42,172032846,hs300
2018/1/19,-0.625,4316.57,4269.62,4281.94,4285.4,209490570,hs300
2018/1/22,-0.6,4338.48,4275.9,4276.48,4336.6,174643195,hs300
2018/1/23,0.2,4383.57,4346.79,4346.89,4382.61,201867585,hs300
2018/1/24,0.916666667,4397.82,4349.09,4389.45,4389.89,219818889,hs300
2018/1/25,0,4392.2,4336.24,4381.98,4365.08,195374950,hs300
2018/1/26,1,4403.34,4351.49,4352.22,4381.3,177227237,hs300
2018/1/29,0.333333333,4395.91,4287.11,4387.06,4302.02,191100354,hs300
2018/1/30,-0.642857143,4308.51,4251.57,4286.68,4256.1,139034730,hs300
2018/1/31,0.214285714,4287.86,4232.77,4234.11,4275.9,145210164,hs300
2018/2/1,-0.642857143,4287.39,4214.29,4276.34,4245.9,190002934,hs300
2018/2/2,-0.416666667,4271.76,4181.78,4213.94,4271.23,146066827,hs300
2018/2/5,0.5,4274.15,4200.14,4204.46,4274.15,161347799,hs300
2018/2/6,-0.409090909,4211.52,4131.56,4182.33,4148.89,214910450,hs300
2018/2/7,-0.714285714,4212.57,4048.42,4205.74,4050.5,203127493,hs300
2018/2/8,-0.545454545,4071.67,3974.68,4022.88,4012.05,159269985,hs300
2018/2/9,-0.6,3911.29,3759.15,3896.17,3840.65,206349828,hs300
2018/2/12,0.111111111,3907.84,3828.07,3846.27,3890.1,116182637,hs300
2018/2/13,-1.5,3986.98,3925.6,3925.6,3935.63,112565885,hs300
2018/2/14,-0.875,3971.4,3923.13,3945.09,3966.96,71081338,hs300
2018/2/22,-0.4,4058.79,4009.92,4020.97,4052.73,105811571,hs300
2018/2/23,-0.666666667,4085.2,4035.23,4061.75,4071.09,99458746,hs300
2018/2/26,0.5,4128.74,4048.98,4093.4,4118.42,137881001,hs300
2018/2/27,1.5,4120.87,4051.81,4120.87,4058.98,125934470,hs300
2018/2/28,0.2,4051.71,3991.71,4016.79,4023.64,109343593,hs300
2018/3/1,-1,4061.03,3986.89,3994.87,4049.09,110199852,hs300
2018/3/2,-0.545454545,4044.42,4006.94,4014.95,4016.46,96165000,hs300
2018/3/5,-0.5,4042.83,3995.87,4021.66,4018.1,87952548,hs300
2018/3/6,0.555555556,4067.55,3998.93,4034.99,4066.56,138762444,hs300
2018/3/7,1.25,4089.7,4027.94,4063.5,4036.65,106952426,hs300
2018/3/8,0.5,4078.23,4029.71,4038.95,4077.6,91155810,hs300
2018/3/9,-0.5,4110.67,4076.45,4088.07,4108.87,113701808,hs300
2018/3/12,0.428571429,4139.53,4112.77,4130.71,4127.67,140906739,hs300
2018/3/13,0.875,4130.28,4087.56,4124.33,4091.25,111766430,hs300
2018/3/14,0.333333333,4089.09,4066.49,4076.06,4073.34,99013409,hs300
2018/3/15,0.714285714,4098.99,4058.71,4058.71,4096.16,88161156,hs300
2018/3/16,2,4110.04,4055.82,4096.89,4056.42,84896188,hs300
2018/3/19,1.25,4074.52,4033.52,4054.62,4074.25,81502882,hs300
2018/3/20,-0.375,4080.19,4040.31,4045.74,4077.7,80605280,hs300
2018/3/21,0.5,4110.12,4046.24,4097.02,4061.05,97609488,hs300
2018/3/22,1.75,4072.38,4003.72,4062.07,4020.35,89095259,hs300
2018/3/23,-1.166666667,3928.51,3834.94,3896.74,3904.94,180080449,hs300
2018/3/26,-0.666666667,3883.9,3829.92,3862.69,3879.89,115139128,hs300
2018/3/27,-0.8,3936.78,3881.87,3927.49,3913.27,113700711,hs300
2018/3/28,0,3907.28,3835.88,3865.05,3842.72,101494908,hs300
2018/3/29,-0.666666667,3913.96,3794.26,3854.59,3894.05,116629066,hs300
2018/3/30,0.666666667,3915.35,3879.21,3893.75,3898.5,97512270,hs300
2018/4/2,-1.666666667,3937.02,3882.89,3897.01,3886.92,111242666,hs300
2018/4/3,0.142857143,3878.15,3839.93,3850.15,3862.48,95137369,hs300
2018/4/4,1.444444444,3898.61,3852.5,3873.63,3854.86,88730609,hs300
2018/4/9,0,3870.67,3827.41,3851.95,3852.93,84105462,hs300
2018/4/10,0.428571429,3927.42,3851.8,3860.72,3927.17,106173722,hs300
2018/4/11,-0.6,3958.71,3924.96,3934.17,3938.34,111933021,hs300
2018/4/12,0.777777778,3937.78,3896.18,3935.67,3898.64,82699490,hs300
2018/4/13,-0.333333333,3929.95,3866.19,3920.74,3871.14,71544203,hs300
2018/4/16,0,3869.16,3789.61,3862.47,3808.86,99217770,hs300
2018/4/17,-0.363636364,3822.63,3745.44,3812.87,3748.64,90610790,hs300
2018/4/18,-0.3125,3789.66,3708.11,3785.31,3766.28,106676706,hs300
2018/4/19,-0.166666667,3824.03,3767.8,3774.78,3811.84,99054060,hs300
2018/4/20,-0.111111111,3815.44,3750.1,3801.21,3760.85,99282925,hs300
2018/4/23,0.833333333,3787.4,3735.18,3754.69,3766.33,90356291,hs300
2018/4/24,0.4,3854.43,3769.88,3769.88,3843.49,114219525,hs300
2018/4/25,-0.222222222,3838.69,3817.03,3824.59,3828.7,78172612,hs300
2018/4/26,-0.25,3828.71,3744.89,3823.39,3755.49,87150641,hs300
2018/4/27,1.6,3776.98,3714.64,3771.04,3756.88,89531726,hs300
2018/5/2,-0.2,3787.3,3744.55,3769.93,3763.65,83301035,hs300
2018/5/3,0.222222222,3797.53,3732.37,3756.17,3793,93961118,hs300
2018/5/4,0.7,3801.52,3770.94,3784.32,3774.6,71554288,hs300
2018/5/7,0,3834.59,3776.03,3782.54,3834.19,87286195,hs300
2018/5/8,0.076923077,3892.07,3833.73,3834.61,3878.68,94215157,hs300
2018/5/9,-0.071428571,3878.94,3855.74,3876.13,3871.62,66712966,hs300
2018/5/10,0.666666667,3894.49,3867.31,3882.84,3893.06,70667809,hs300
2018/5/11,0.333333333,3903.34,3871.95,3902.15,3872.84,73356604,hs300
2018/5/14,0,3919.3,3886.87,3886.87,3909.29,81975999,hs300
2018/5/15,1,3924.34,3892.92,3920.14,3924.1,76049555,hs300
2018/5/16,0.6,3923.34,3889.19,3909.82,3892.84,71913646,hs300
2018/5/17,0,3899.51,3858.85,3895.49,3864.05,59030123,hs300
2018/5/18,-0.4,3903.06,3841.9,3860.16,3903.06,72613956,hs300
2018/5/21,2.5,3937.46,3913.6,3925.54,3921.24,92641737,hs300
2018/5/22,1,3918.82,3881.17,3918.82,3906.21,75368778,hs300
2018/5/23,1.333333333,3898.27,3854.58,3898.27,3854.58,83722319,hs300
2018/5/24,0.2,3859.1,3823.92,3853.29,3827.22,68345022,hs300
2018/5/25,0.4,3841.12,3804.14,3823.74,3816.5,70836386,hs300
2018/5/28,-1.142857143,3846.55,3799.32,3816.26,3833.26,71521132,hs300
2018/5/29,-0.75,3841.78,3800.67,3824.19,3804.01,81552662,hs300
2018/5/30,-0.5,3767.89,3722.07,3755.18,3723.37,87913285,hs300
2018/5/31,-0.375,3804.79,3742.53,3749.3,3802.38,92666894,hs300
2018/6/1,0.333333333,3802.54,3753.84,3789.67,3770.59,77821813,hs300
2018/6/4,0.1,3813.41,3776.62,3785.19,3807.58,76624341,hs300
2018/6/5,0.142857143,3845.56,3800.93,3811.29,3845.32,78687360,hs300
2018/6/6,-0.857142857,3848.33,3830.9,3839.68,3837.35,73117237,hs300
2018/6/7,-0.307692308,3859.85,3827.69,3846.94,3831.01,80256147,hs300
2018/6/8,-0.466666667,3819.46,3759.27,3819.45,3779.62,83337335,hs300
2018/6/11,0.25,3792.55,3756.51,3770.21,3779.98,68709834,hs300
2018/6/12,0.111111111,3830.47,3765.26,3783.19,3825.95,73206244,hs300
2018/6/13,-0.666666667,3817.45,3782.07,3814.62,3788.34,66377970,hs300
2018/6/14,0,3808.16,3759.25,3774.64,3773.37,68471322,hs300
2018/6/15,-0.2,3780.34,3737.43,3763.04,3753.43,85488893,hs300
2018/6/19,-0.090909091,3712.82,3583.02,3702.67,3621.12,160706542,hs300
2018/6/20,-0.5,3649.34,3578.17,3602.55,3635.44,86718098,hs300
2018/6/21,0.5,3673.56,3589.49,3633.56,3592.97,93908552,hs300
2018/6/22,-0.333333333,3609.08,3542.46,3567.89,3608.9,75117864,hs300
2018/6/25,-0.416666667,3631.03,3559.03,3625.8,3560.48,79877078,hs300
2018/6/26,-0.416666667,3541.78,3478.21,3521.59,3531.11,84985269,hs300
2018/6/27,-0.166666667,3537.66,3441.78,3525.13,3459.26,81491817,hs300
2018/6/28,-0.083333333,3477.06,3416.95,3434.94,3423.53,75918051,hs300
2018/6/29,-0.875,3512.38,3425.22,3431.96,3510.98,77257031,hs300
2018/7/2,-0.592592593,3506.9,3383.5,3504.46,3407.96,84351449,hs300
2018/7/3,-0.25,3422.04,3319.29,3410.48,3409.28,95278693,hs300
2018/7/4,0.363636364,3418.33,3359.09,3398.78,3363.75,75157997,hs300
2018/7/5,-0.208333333,3398.49,3330.71,3365.55,3342.44,81587981,hs300
2018/7/6,-0.416666667,3396.25,3295.73,3347.06,3365.12,86097579,hs300
2018/7/9,0.315789474,3459.32,3378.91,3378.91,3459.18,76601545,hs300
2018/7/10,-0.1,3474.14,3437.27,3464.91,3467.52,69548823,hs300
2018/7/11,-0.166666667,3427.57,3375.14,3398.93,3407.53,72040950,hs300
2018/7/12,0.111111111,3499.1,3403.33,3403.33,3481.06,96353564,hs300
2018/7/13,-0.4,3499.76,3474.91,3488.5,3492.69,72955897,hs300
2018/7/16,0.555555556,3506.24,3459.73,3488.97,3472.09,68281999,hs300
2018/7/17,-0.454545455,3467.19,3420.97,3466.42,3449.38,61983076,hs300
2018/7/18,-0.181818182,3479.26,3430.16,3456.61,3431.32,66530330,hs300
2018/7/19,0.066666667,3466.51,3417.96,3444.8,3428.34,68477716,hs300
2018/7/20,-0.6,3505.93,3398.95,3426.46,3492.89,101984727,hs300
2018/7/23,0,3527.53,3464.65,3471.86,3525.75,119036627,hs300
2018/7/24,-0.166666667,3596.51,3530.66,3530.66,3581.71,156912435,hs300
2018/7/25,-0.142857143,3589.98,3566.31,3589.51,3577.75,96758501,hs300
2018/7/26,0.2,3593.92,3528.64,3583.32,3536.25,90349641,hs300
2018/7/27,-0.666666667,3545.41,3512.7,3533.77,3521.23,70178104,hs300
2018/7/30,-0.25,3550.9,3489.55,3520.85,3515.08,82116995,hs300
2018/7/31,-1.8,3528.15,3493.15,3510.47,3517.66,67980817,hs300
2018/8/1,0.363636364,3543.61,3446.78,3530.03,3447.39,90348617,hs300
2018/8/2,-0.230769231,3434.35,3322.1,3434.35,3370.96,101308727,hs300
2018/8/3,-1,3381.34,3315.2,3366.66,3315.28,70796910,hs300
2018/8/6,0.083333333,3344.25,3257.69,3312.82,3273.27,77975083,hs300
2018/8/7,-0.416666667,3368.96,3263.5,3284.98,3368.87,91783916,hs300
2018/8/8,-0.928571429,3368.16,3311.77,3362.15,3314.51,79284865,hs300
2018/8/9,0.25,3408.39,3299.62,3303.48,3397.53,91957572,hs300
2018/8/10,-0.666666667,3424.04,3380.57,3398.41,3405.02,68967299,hs300
2018/8/13,1,3396.19,3336.7,3369.98,3390.34,76191532,hs300
2018/8/14,-0.75,3391.73,3356.61,3386.48,3372.91,60651446,hs300
2018/8/15,-0.733333333,3372.14,3288.71,3371.96,3291.98,68174055,hs300
2018/8/16,0.533333333,3315.2,3231.56,3251.86,3276.73,76547366,hs300
2018/8/17,-0.2,3311.57,3224.1,3305.9,3229.62,67395413,hs300
2018/8/20,-0.333333333,3267.25,3209.01,3238.22,3267.25,70904228,hs300
2018/8/21,-0.222222222,3331.71,3270.03,3271.84,3326.65,75205583,hs300
2018/8/22,-0.615384615,3328.97,3299.39,3328.97,3307.95,50787057,hs300
2018/8/23,0,3336.11,3285.81,3308.46,3320.03,61112334,hs300
2018/8/24,-0.25,3353.04,3291.87,3308.48,3325.33,63765897,hs300
2018/8/27,-1,3406.57,3339.26,3339.39,3406.57,94270082,hs300
2018/8/28,-0.090909091,3416.59,3388.81,3408.15,3400.17,75445363,hs300
2018/8/29,-0.875,3398.71,3377.12,3393.05,3386.57,67020404,hs300
2018/8/30,0.666666667,3402.56,3349.47,3385.81,3351.09,68385290,hs300
2018/8/31,0.294117647,3356.58,3310.87,3333.38,3334.5,76205630,hs300
2018/9/3,-0.25,3325.61,3291.78,3320.69,3321.82,66429855,hs300
2018/9/4,0.692307692,3370.96,3307.96,3324.19,3363.9,67088807,hs300
2018/9/5,0.545454545,3354.2,3298.14,3349.7,3298.14,64301888,hs300
2018/9/6,-0.066666667,3311.5,3253.76,3286.66,3262.88,62300288,hs300
2018/9/7,-0.133333333,3316.61,3253.73,3273.89,3277.64,63947408,hs300
2018/9/10,0.133333333,3277.88,3227.85,3271.38,3230.07,63817051,hs300
2018/9/11,-0.142857143,3245.62,3209.11,3229.71,3224.21,58491305,hs300
2018/9/12,0,3225.6,3194.98,3216.99,3202.02,54627899,hs300
2018/9/13,0.055555556,3249.59,3191.4,3239.69,3236.57,67290327,hs300
2018/9/14,0.684210526,3254.1,3227.94,3242.83,3242.09,60130640,hs300
2018/9/17,-0.45,3230.79,3200.51,3224.93,3204.92,52259547,hs300
2018/9/18,-0.555555556,3270.11,3193.64,3193.64,3269.43,70425035,hs300
2018/9/19,-0.08,3335.99,3258.31,3262,3312.48,89170666,hs300
2018/9/20,0.142857143,3332.31,3303.07,3314.88,3310.13,64561057,hs300
2018/9/21,1,3410.49,3307.77,3320.7,3410.49,108416005,hs300
2018/9/25,-0.4,3394.38,3367.03,3375.97,3379.8,69054693,hs300
2018/9/26,0.333333333,3448.26,3383.24,3388.56,3417.24,93173343,hs300
2018/9/27,-1.285714286,3423.71,3394.73,3415.95,3403.59,69765241,hs300
2018/9/28,0.4375,3444.99,3404.7,3409.96,3438.86,84377756,hs300
2018/10/8,-0.55,3364.46,3285.25,3361.56,3290.9,97888989,hs300
2018/10/9,0,3309.8,3276.13,3290.17,3288.69,66723274,hs300
2018/10/10,-0.4,3315.73,3256.58,3295.43,3281.6,64492828,hs300
2018/10/11,-0.194444444,3209.52,3099.04,3179.54,3124.11,120941342,hs300
2018/10/12,-0.6,3184.12,3094.97,3123.37,3170.73,98611151,hs300
2018/10/15,-0.4375,3183.13,3120.23,3173.85,3126.45,69605023,hs300
2018/10/16,-0.173913043,3166.09,3089.37,3128.58,3100.97,68887721,hs300
2018/10/17,-0.62962963,3149.13,3062.55,3140.68,3118.25,76837138,hs300
2018/10/18,-0.238095238,3097.79,3043.38,3097.79,3044.39,73771968,hs300
2018/10/19,-0.235294118,3137.75,3009.5,3017.75,3134.95,98839688,hs300
2018/10/22,-0.333333333,3297.38,3159.56,3159.56,3270.27,145862045,hs300
2018/10/23,-0.105263158,3276.02,3163.57,3273.13,3183.43,121013241,hs300
2018/10/24,-0.545454545,3245.4,3164.29,3169.46,3188.2,110909744,hs300
2018/10/25,0,3197.32,3099.89,3107.84,3194.31,106951817,hs300
2018/10/26,-1.105263158,3218.1,3151.92,3204.28,3173.64,101299354,hs300
2018/10/29,-0.583333333,3158.81,3062.58,3157.49,3076.89,91839789,hs300
2018/10/30,0,3146.63,3050.77,3061.93,3110.26,116070101,hs300
2018/10/31,0.25,3168.92,3106.03,3116.66,3153.82,111207455,hs300
2018/11/1,0.5,3217.8,3173.1,3185.2,3177.03,132653379,hs300
2018/11/2,-0.7,3290.25,3222.44,3258.61,3290.25,153466104,hs300
2018/11/5,-0.090909091,3279.88,3230.36,3269.47,3262.84,109706683,hs300
2018/11/6,-0.5,3254.98,3213.9,3254.98,3243.15,83869138,hs300
2018/11/7,-0.333333333,3270.5,3218.42,3243.88,3221.91,91615528,hs300
2018/11/8,-0.421052632,3253.57,3207.71,3251.73,3212.77,76414540,hs300
2018/11/9,0.214285714,3193.3,3166.31,3193.3,3167.44,84282762,hs300
2018/11/12,-0.6,3206.51,3152.44,3160.25,3205.14,88062391,hs300
2018/11/13,0,3254.77,3161.1,3164.92,3237.38,126493464,hs300
2018/11/14,-0.8,3239.24,3200.23,3233.64,3204.94,113808659,hs300
2018/11/15,-0.4,3242.38,3198.78,3201.28,3242.37,98558810,hs300
2018/11/16,0.25,3282.39,3223.72,3242.88,3257.67,126876835,hs300
2018/11/19,0,3294.6,3251.07,3258.79,3294.6,115956595,hs300
2018/11/20,-0.777777778,3278.78,3213.68,3268.08,3218.41,109361154,hs300
2018/11/21,-0.818181818,3230.26,3185.24,3187.1,3226.49,84119726,hs300
2018/11/22,-0.727272727,3235.45,3199.7,3232.97,3214.43,65098291,hs300
2018/11/23,-0.444444444,3212.2,3139.39,3208.59,3143.48,84638255,hs300
2018/11/26,-0.705882353,3169.44,3131.64,3148.67,3141.24,59379140,hs300
2018/11/27,0,3162.01,3126.29,3152.77,3137.24,55407832,hs300
2018/11/28,0.166666667,3179.41,3126.62,3137.75,3178.93,74881955,hs300
2018/11/29,-0.105263158,3204.86,3137.65,3198.83,3137.65,80498466,hs300
2018/11/30,-0.3,3175.15,3132.42,3136.2,3172.69,70921044,hs300
2018/12/3,0.933333333,3273.64,3228.36,3260.69,3260.95,121487157,hs300
2018/12/4,0.2,3267.94,3243.7,3256.23,3267.71,79415039,hs300
2018/12/5,-0.5,3266.9,3219.98,3224.26,3252,76153052,hs300
2018/12/6,-0.266666667,3223.52,3179.89,3218.11,3181.67,76328771,hs300
2018/12/7,-0.727272727,3193.82,3176.71,3187.49,3181.56,53361924,hs300
2018/12/10,0.6,3170.15,3134.38,3153.52,3144.76,63437273,hs300
2018/12/11,-0.307692308,3161.96,3143.61,3148.23,3159.82,53223877,hs300
2018/12/12,0.363636364,3182.21,3160.28,3181.57,3170.61,53309914,hs300
2018/12/13,-0.230769231,3234.08,3169.42,3178.89,3219.69,90442755,hs300
2018/12/14,0.090909091,3210.72,3165.91,3207.35,3165.91,84301250,hs300
2018/12/17,0.181818182,3167.51,3134.37,3158.28,3161.2,66497007,hs300
2018/12/18,0,3165,3114.47,3139.95,3128.43,63820319,hs300
2018/12/19,-0.157894737,3137.01,3086.76,3133.74,3091.13,55522299,hs300
2018/12/20,-0.318181818,3097.72,3044.29,3083.54,3067.42,69749463,hs300
2018/12/21,0.52,3057.4,3007.61,3055.33,3029.4,76758101,hs300
2018/12/24,0.111111111,3040.35,3007.33,3015.5,3038.2,57299615,hs300
2018/12/25,-0.571428571,3030.14,2964.88,3006.88,3017.28,78689425,hs300
2018/12/26,0.166666667,3029.06,2996.48,3012.87,3002.03,55647032,hs300
2018/12/27,0.086956522,3047.23,2990.51,3042.95,2990.51,80541785,hs300
2018/12/28,-0.266666667,3024.35,2984.82,2994.79,3010.65,71053779,hs300
2019/1/2,0.1875,3018.78,2958.49,3017.07,2969.54,68663021,hs300
2019/1/3,0.555555556,3000.44,2953.25,2963.02,2964.84,70867103,hs300
2019/1/4,0.166666667,3036.81,2935.83,2940.19,3035.87,103318972,hs300
2019/1/7,0.545454545,3061.75,3035.91,3055.15,3054.3,101164359,hs300
2019/1/8,-0.4,3055.51,3038.53,3049.87,3047.7,86170585,hs300
2019/1/9,-0.4,3117.96,3062.85,3065.23,3078.48,107364350,hs300
2019/1/10,0.75,3092.54,3062.57,3077.48,3072.69,85271756,hs300
2019/1/11,0.222222222,3102.83,3071.03,3082.26,3094.78,71786424,hs300
2019/1/14,0,3097.41,3064.38,3092.5,3067.78,66121702,hs300
2019/1/15,0.04,3129.37,3064.67,3071.52,3127.99,88772962,hs300
2019/1/16,0.333333333,3135.01,3117.29,3126.13,3128.65,80214341,hs300
2019/1/17,0.6875,3141.71,3110.06,3132.63,3111.42,80174871,hs300
2019/1/18,0.285714286,3171.69,3120.35,3124.5,3168.17,103963834,hs300
2019/1/21,0.285714286,3199.21,3170.88,3170.88,3185.64,93915022,hs300
2019/1/22,-0.25,3181.95,3135.34,3181.95,3143.32,72990528,hs300
2019/1/23,0,3157.63,3131.87,3136.1,3141.05,59870478,hs300
2019/1/24,0.4,3165.63,3125.3,3146.6,3158.78,72934636,hs300
2019/1/25,0.571428571,3203.17,3164.41,3165.18,3184.47,83967729,hs300
2019/1/28,0.5,3228.87,3174.72,3203.12,3183.78,82622431,hs300
2019/1/29,0.111111111,3200.99,3148.23,3177.26,3193.97,77658334,hs300
2019/1/30,0.210526316,3202.9,3167.89,3181.66,3168.48,63746517,hs300
2019/1/31,0.333333333,3216.07,3178.01,3182.7,3201.63,86247839,hs300
2019/2/1,-0.363636364,3247.5,3207.72,3225.73,3247.4,82019641,hs300
2019/2/11,0.714285714,3307.06,3239.81,3239.81,3306.47,98818434,hs300
2019/2/12,1.25,3335.36,3298.63,3306.35,3330.34,122232462,hs300
2019/2/13,1,3405.58,3329.14,3337.78,3397.03,163828332,hs300
2019/2/14,0.375,3415.4,3381.98,3392.85,3402.14,151127290,hs300
2019/2/15,-0.5,3395.03,3335.87,3391.24,3338.7,143668603,hs300
2019/2/18,-0.25,3445.74,3366.42,3366.42,3445.74,182886089,hs300
2019/2/19,1.166666667,3480.79,3419.07,3454.72,3439.61,179083785,hs300
2019/2/20,0.333333333,3463.77,3421.5,3449.93,3451.93,147390311,hs300
2019/2/21,0.555555556,3500.25,3431.63,3450.14,3442.71,180143287,hs300
2019/2/22,0.666666667,3520.12,3417.98,3439.38,3520.12,187237974,hs300
2019/2/25,0.3,3729.48,3574.69,3575.85,3729.48,342557122,hs300
2019/2/26,0.8,3762.11,3679.27,3734.71,3684.69,358038698,hs300
2019/2/27,0.230769231,3737.63,3638.33,3682.81,3678.39,286236007,hs300
2019/2/28,0.285714286,3695.46,3650.05,3675.26,3669.37,184810220,hs300
2019/3/1,-0.2,3749.71,3668.77,3699.22,3749.71,204711004,hs300
2019/3/4,0,3886.58,3764.78,3783.04,3794.1,323490126,hs300
2019/3/5,0,3816.16,3770.79,3785.38,3816.01,230853166,hs300
2019/3/6,0.466666667,3855.16,3787.52,3822.86,3848.09,318077371,hs300
2019/3/7,0.125,3845.18,3778.8,3841.15,3808.85,329846548,hs300
2019/3/8,0.571428571,3774.54,3656.19,3721.4,3657.58,317990077,hs300
2019/3/11,-0.333333333,3731.91,3650.81,3663.98,3729.95,230912865,hs300
2019/3/12,0.466666667,3804.72,3723.68,3758.32,3755.35,274926382,hs300
2019/3/13,0.375,3763.09,3708.81,3758.71,3724.19,233682248,hs300
2019/3/14,-0.565217391,3747.82,3673.85,3710.29,3698.49,190817237,hs300
2019/3/15,-0.666666667,3782.24,3713.94,3713.94,3745,175174544,hs300
2019/3/18,0.444444444,3851.75,3733.68,3753.64,3851.75,216928060,hs300
2019/3/19,0.285714286,3868.33,3815.22,3856.59,3833.96,181727110,hs300
2019/3/20,0.214285714,3855.15,3790.51,3825.34,3835.44,175632090,hs300
2019/3/21,0.4,3864.07,3823.47,3840.28,3836.89,196310310,hs300
2019/3/22,0.375,3845.58,3786.59,3838.13,3833.8,171356993,hs300
2019/3/25,0.333333333,3807.18,3741.61,3776.44,3742.83,198586329,hs300
2019/3/26,-0.125,3770.84,3687.55,3766.53,3700.44,173046579,hs300
2019/3/27,-0.133333333,3750.26,3703.45,3724.41,3743.39,138758454,hs300
2019/3/28,0.454545455,3755.72,3710.08,3731.06,3728.4,133272129,hs300
2019/3/29,0.266666667,3876.38,3739.77,3739.77,3872.34,215639103,hs300
2019/4/1,0.692307692,3982.91,3901.17,3901.17,3973.93,271382704,hs300
2019/4/2,0.380952381,3988.1,3956.51,3986.34,3971.29,226000341,hs300
2019/4/3,0.777777778,4026.5,3939.78,3947.87,4022.16,231917368,hs300
2019/4/4,0.45,4072.11,4021.71,4039.74,4062.23,260410939,hs300
2019/4/8,0.066666667,4122.6,4017.49,4097.1,4057.23,267505576,hs300
2019/4/9,0.28125,4084.24,4038.28,4063.81,4075.43,182956808,hs300
2019/4/10,0.576923077,4115.38,4035.47,4062.44,4085.85,194687613,hs300
2019/4/11,0.32,4097.12,3990.24,4083.46,3997.58,169049641,hs300
2019/4/12,0,4006.93,3961.46,3986.78,3988.62,135862118,hs300
2019/4/15,0.5,4085.39,3974.23,4056.49,3975.52,182645571,hs300
2019/4/16,-0.148148148,4085.79,3943.49,3958.1,4085.79,202041966,hs300
2019/4/17,-0.090909091,4106.62,4057.5,4080.72,4087.24,180367117,hs300
2019/4/18,0.266666667,4094.05,4056.24,4085.11,4072.08,146562123,hs300
2019/4/19,0.777777778,4120.64,4046.2,4076.3,4120.61,150794910,hs300
2019/4/22,0.038461538,4126.09,4015.47,4125.97,4025.61,189353745,hs300
2019/4/23,0.25,4061.09,4005.28,4021.63,4019.01,155611650,hs300
2019/4/24,0.047619048,4044.34,3967.81,4033.63,4030.09,145498695,hs300
2019/4/25,0.153846154,4022.56,3938.33,4013.6,3941.82,159722071,hs300
2019/4/26,-0.294117647,3943.83,3887.25,3921.89,3889.27,142008068,hs300
2019/4/29,0.244444444,3953.23,3875.45,3896.58,3900.33,153870927,hs300
2019/4/30,-0.315789474,3923.11,3885.15,3887.18,3913.21,116233376,hs300
2019/5/6,-0.092592593,3791.61,3647.14,3775.08,3684.62,197472882,hs300
2019/5/7,0,3738.18,3671.83,3702.27,3720.67,132847654,hs300
2019/5/8,-0.321428571,3722.93,3642.5,3648.55,3667.46,112867355,hs300
2019/5/9,-0.024390244,3656.9,3584.82,3637.35,3599.7,101037394,hs300
2019/5/10,-0.12,3732.92,3589.29,3643.06,3730.45,148003847,hs300
2019/5/13,0.555555556,3702.9,3658,3675.76,3668.73,103391860,hs300
2019/5/14,0.243243243,3683.26,3630.44,3630.44,3645.15,102313460,hs300
2019/5/15,0.466666667,3741.04,3674.99,3674.99,3727.09,110161769,hs300
2019/5/16,0.296296296,3745.14,3707.9,3720.04,3743.96,116258274,hs300
2019/5/17,0.217391304,3745.36,3637.58,3744.88,3648.76,128453245,hs300
2019/5/20,-0.214285714,3644.5,3583.83,3635.74,3617.79,108963477,hs300
2019/5/21,0.5,3690.09,3610.68,3619.44,3666.78,111022920,hs300
2019/5/22,0.066666667,3679.27,3634.75,3663.15,3649.38,98346128,hs300
2019/5/23,-0.166666667,3631.47,3578.11,3629.53,3583.96,99897781,hs300
2019/5/24,0.035714286,3623.39,3580.79,3584.9,3593.91,80934048,hs300
2019/5/27,-0.25,3648.03,3556.26,3592.6,3637.2,108830871,hs300
2019/5/28,-0.03030303,3683.23,3627.79,3633.02,3672.26,117886240,hs300
2019/5/29,0.1875,3693.23,3637.35,3642.54,3663.91,93355441,hs300
2019/5/30,0.209302326,3650.97,3612.62,3648.85,3641.18,94202561,hs300
2019/5/31,0.214285714,3668.18,3627.54,3641,3629.79,89222267,hs300
2019/6/3,0.081081081,3672.81,3613.13,3640.61,3632.01,100723180,hs300
2019/6/4,0.15,3636.13,3584.46,3632.56,3598.47,87097094,hs300
2019/6/5,0.184210526,3634.45,3593.95,3627.79,3597.1,88642020,hs300
2019/6/6,0.194444444,3601.04,3557.02,3601.04,3564.68,85534403,hs300
2019/6/10,0.212121212,3623.73,3568.28,3578.01,3610.74,92375061,hs300
2019/6/11,0.222222222,3723.14,3617.52,3617.52,3719.28,143482806,hs300
2019/6/12,-0.333333333,3711.88,3683.94,3706.86,3691.1,119178853,hs300
2019/6/13,0.073170732,3697.59,3654.27,3689.58,3685.39,96331718,hs300
2019/6/14,0,3709.65,3650.91,3690.48,3654.88,101817004,hs300
2019/6/17,0.25,3683.77,3645.5,3654.44,3654.82,72976678,hs300
2019/6/18,0.555555556,3675.65,3638.78,3661.13,3667.62,70692266,hs300
2019/6/19,0.125,3771.35,3715.13,3761.34,3715.94,125595715,hs300
2019/6/20,0.318181818,3845.79,3717.19,3718.94,3828.52,168872073,hs300
2019/6/21,0.55,3856.09,3817.31,3832.73,3833.94,153635155,hs300
2019/6/24,0.333333333,3853.55,3819.77,3836.31,3841.27,100084621,hs300
2019/6/25,-0.086956522,3838.06,3755.01,3837.43,3801.31,124075912,hs300
2019/6/26,0.2,3809.76,3771.72,3779.51,3794.33,81820283,hs300
2019/6/27,-0.555555556,3854.08,3805.83,3807.54,3834.82,105316358,hs300
2019/6/28,0,3835.23,3803.05,3832.06,3825.59,84766139,hs300
2019/7/1,0.083333333,3936.67,3886.91,3899.33,3935.81,158370340,hs300
2019/7/2,0.35,3942.43,3918.94,3931.05,3937.17,131863496,hs300
2019/7/3,0.142857143,3927.44,3878.84,3927.44,3893.53,111992603,hs300
2019/7/4,0.1875,3906.89,3854.69,3895.2,3873.1,99342256,hs300
2019/7/5,0,3900.31,3857.93,3875.37,3893.2,74006527,hs300
2019/7/8,0.111111111,3875.75,3775.03,3875.75,3802.79,109539086,hs300
2019/7/9,0.068965517,3811.1,3774.76,3798.1,3793.13,74842732,hs300
2019/7/10,0.3125,3810.4,3774.23,3807.95,3786.74,72833948,hs300
2019/7/11,0.277777778,3830.74,3774.41,3806.19,3785.22,75311965,hs300
2019/7/12,0.40625,3820.24,3774.52,3783.07,3808.73,75465967,hs300
2019/7/15,0.451612903,3844.87,3745.85,3792.64,3824.19,101205222,hs300
2019/7/16,0.333333333,3828.33,3799.87,3819.25,3806.84,80730952,hs300
2019/7/17,0.195121951,3820.27,3787.9,3800.11,3804.64,95183885,hs300
2019/7/18,0.146341463,3793.39,3768,3793.19,3768.4,87496445,hs300
2019/7/19,0.4,3828.15,3787.51,3787.51,3807.96,88086149,hs300
2019/7/22,0,3816.54,3765.44,3813.5,3781.68,92101377,hs300
2019/7/23,-0.107142857,3792.96,3768.76,3783.54,3789.91,71313346,hs300
2019/7/24,0.2,3840.06,3803.57,3803.59,3819.83,90940684,hs300
2019/7/25,0.387096774,3851.07,3812.95,3821.39,3851.07,93740417,hs300
2019/7/26,0.142857143,3863.59,3832.52,3835.23,3858.57,83259300,hs300
2019/7/29,0.666666667,3862.75,3842.43,3857.94,3854.27,84814370,hs300
2019/7/30,0.071428571,3890.73,3861.57,3861.57,3870.32,94123955,hs300
2019/7/31,0.047619048,3856.75,3830.09,3856.75,3835.36,82151155,hs300
2019/8/1,0.08,3831.26,3791.55,3819.32,3803.47,84114180,hs300
2019/8/2,-0.222222222,3754.53,3720.06,3729.13,3747.44,108335897,hs300
2019/8/5,-0.176470588,3739.5,3675.69,3724.41,3675.69,101325981,hs300
2019/8/6,-0.52,3649.9,3575.86,3609.11,3636.33,129833871,hs300
2019/8/7,-0.166666667,3659.08,3621.43,3654.63,3621.43,84238716,hs300
2019/8/8,-0.285714286,3675.46,3646.94,3651.36,3669.29,88457707,hs300
2019/8/9,-0.352941176,3689.18,3628.12,3686.75,3633.53,85295580,hs300
2019/8/12,-0.666666667,3699.1,3643.32,3647.87,3699.1,82083056,hs300
2019/8/13,-0.363636364,3686.43,3658.01,3675.59,3665.75,76500302,hs300
2019/8/14,-0.1,3717.56,3680.61,3712.07,3682.4,91202590,hs300
2019/8/15,0.1,3694.3,3612.11,3618.01,3694,88598832,hs300
2019/8/16,0.222222222,3738.1,3687.08,3697.94,3710.54,88319169,hs300
2019/8/19,-0.333333333,3791.09,3720.69,3736.03,3791.09,139327013,hs300
2019/8/20,0.066666667,3799.9,3778.73,3786.03,3787.73,108602088,hs300
2019/8/21,-0.2,3792.6,3775.45,3778.31,3781.76,82299880,hs300
2019/8/22,-0.222222222,3797.33,3771.2,3793.86,3793.51,85807792,hs300
2019/8/23,0,3829.36,3788.03,3796.88,3820.86,87954583,hs300
2019/8/26,0.375,3778.87,3753.16,3756.36,3765.91,93859269,hs300
2019/8/27,0.5,3848.24,3790.87,3791.46,3816.95,124731478,hs300
2019/8/28,-0.666666667,3822.59,3790.14,3818.81,3802.58,88750812,hs300
2019/8/29,0.133333333,3808.6,3774.4,3805.49,3790.19,84083387,hs300
2019/8/30,0.666666667,3828.97,3778.92,3816.68,3799.59,96695150,hs300
2019/9/2,0.666666667,3855.78,3799.82,3803.69,3848.32,110289349,hs300
2019/9/3,0.235294118,3856.68,3833.76,3852.58,3853.61,97714631,hs300
2019/9/4,-0.076923077,3886,3846.42,3848.65,3886,126628615,hs300
2019/9/5,0.285714286,3970,3909.21,3909.21,3925.32,181656231,hs300
2019/9/6,0.272727273,3948.54,3922.34,3946.69,3948.51,121882376,hs300
2019/9/9,0.625,3985.24,3954.88,3980.96,3972.95,146809754,hs300
2019/9/10,0.4,3976.92,3938.74,3976.87,3959.26,130889386,hs300
2019/9/11,0.470588235,3971.22,3922.95,3969.68,3930.1,131594875,hs300
2019/9/12,0.5,3975.93,3933.44,3944.69,3972.38,110241273,hs300
2019/9/16,-0.571428571,3982.2,3943.37,3981.36,3957.72,110259805,hs300
2019/9/17,0.545454545,3947.16,3879.49,3947.16,3891.22,113694317,hs300
2019/9/18,0.2,3923.15,3902.51,3902.99,3910.08,82056152,hs300
2019/9/19,-0.222222222,3924.38,3897.07,3923.96,3924.38,85984238,hs300
2019/9/20,-0.3,3942.22,3921.41,3933.46,3935.65,103455955,hs300
2019/9/23,0.2,3925.19,3868.21,3925.19,3890.66,94036225,hs300
2019/9/24,-0.636363636,3927.01,3886.14,3895.87,3901.08,87783230,hs300
2019/9/25,0,3889.84,3867.23,3887.55,3870.98,89520835,hs300
2019/9/26,-0.1875,3890.75,3840.25,3884.7,3841.14,102698301,hs300
2019/9/27,0,3859.5,3832.25,3843.46,3852.65,74003947,hs300
2019/9/30,0.090909091,3857.23,3813.55,3842.07,3814.53,65931313,hs300
2019/10/8,-0.333333333,3861.64,3818.59,3818.59,3837.68,76657860,hs300
2019/10/9,-0.166666667,3845.34,3805.07,3822.61,3843.24,75854512,hs300
2019/10/10,-1,3877.14,3829.43,3838.49,3874.64,79222694,hs300
2019/10/11,0.222222222,3922.37,3868.84,3885.52,3911.73,93412577,hs300
2019/10/14,-0.125,3983.81,3934.73,3944.86,3953.24,122393611,hs300
2019/10/15,-0.4,3953.16,3928.15,3953.16,3936.25,85273949,hs300
2019/10/16,-0.111111111,3964.05,3919.02,3939.28,3922.69,83229707,hs300
2019/10/17,-0.2,3935.81,3913.92,3929.39,3925.22,64863745,hs300
2019/10/18,0.230769231,3940.54,3864.97,3935.42,3869.38,82321140,hs300
2019/10/21,0.090909091,3884.74,3856.04,3865.34,3880.84,74182918,hs300
2019/10/22,-0.307692308,3897.44,3870.55,3896.31,3895.88,68918566,hs300
2019/10/23,-0.133333333,3901.42,3862.2,3892.68,3871.08,70198625,hs300
2019/10/24,-0.461538462,3890.2,3852.58,3877.92,3870.67,71334575,hs300
2019/10/25,-0.727272727,3899.72,3849.03,3871.77,3896.79,77453620,hs300
2019/10/28,0.052631579,3927.8,3897.82,3904.98,3926.58,97406020,hs300
2019/10/29,-0.363636364,3932.37,3910.23,3929.71,3910.23,82257075,hs300
2019/10/30,-0.153846154,3908.1,3883.45,3904.72,3891.23,77872923,hs300
2019/10/31,-0.5,3907.15,3878.88,3906.86,3886.75,86714539,hs300
2019/11/1,-0.111111111,3956.08,3876.42,3883.81,3952.39,100689612,hs300
2019/11/4,-0.166666667,3985.36,3964.01,3964.01,3978.12,104193855,hs300
2019/11/5,-0.714285714,4030.64,3970.87,3982.12,4002.81,112911880,hs300
2019/11/6,0,4007.5,3973.78,4006.33,3984.88,97312952,hs300
2019/11/7,-0.9,4005.38,3975.55,3984.55,3991.88,87254898,hs300
2019/11/8,-0.076923077,4022.04,3971.57,4017.67,3973.01,97106948,hs300
2019/11/11,-0.172413793,3948.62,3897.55,3948.62,3902.98,94155621,hs300
2019/11/12,0.176470588,3914.88,3877.74,3905.96,3903.69,76543069,hs300
2019/11/13,-0.8,3908.42,3882.43,3905.28,3899.98,76749078,hs300
2019/11/14,0,3916.95,3895.14,3905.93,3905.86,87008446,hs300
2019/11/15,-0.285714286,3915.1,3877.09,3908.49,3877.09,83730917,hs300
2019/11/18,-1,3913.1,3868.32,3874.44,3907.93,76645993,hs300
2019/11/19,0.333333333,3947.04,3902.38,3904.1,3947.04,82161025,hs300
2019/11/20,0.166666667,3943.23,3901.99,3940.13,3907.86,76815333,hs300
2019/11/21,-0.454545455,3901.83,3875.97,3894.54,3889.6,69130538,hs300
2019/11/22,0.291666667,3918.84,3833.5,3894.17,3849.99,91042639,hs300
2019/11/25,-0.25,3878.25,3839.42,3850.97,3878.21,106066289,hs300
2019/11/26,-0.222222222,3899.11,3869.59,3893.43,3891.65,111513537,hs300
2019/11/27,0,3889.98,3862.7,3883.43,3875.62,76437305,hs300
2019/11/28,-0.4,3887.69,3852.01,3877.9,3862.3,65230119,hs300
2019/11/29,0.125,3861.66,3804.83,3857.19,3828.67,74144331,hs300
2019/12/2,-0.111111111,3854.75,3829.31,3835.51,3836.06,77412173,hs300
2019/12/3,0.125,3851.12,3811.63,3829.21,3851.09,73611240,hs300
2019/12/4,0,3852.99,3831.07,3841.66,3849.82,79683385,hs300
2019/12/5,0.083333333,3883.4,3859.82,3863.61,3879.36,89051193,hs300
2019/12/6,0.4,3902.39,3878.7,3885.06,3902.39,78648887,hs300
2019/12/9,0.6,3911.97,3885.25,3909.53,3895.45,95353806,hs300
2019/12/10,0.6,3900.96,3882.09,3886.44,3900.38,86262928,hs300
2019/12/11,-0.272727273,3909.39,3890.34,3907.16,3902.75,99765480,hs300
2019/12/12,0,3908.45,3886.12,3908.45,3891.02,84708330,hs300
2019/12/13,0,3969.46,3925.28,3928,3968.22,148571349,hs300
2019/12/16,-0.083333333,3987.59,3953.51,3970.71,3987.55,148486670,hs300
2019/12/17,0.583333333,4067.14,3984.52,3987.74,4041.8,201162937,hs300
2019/12/18,0.428571429,4057.64,4025.34,4039.72,4032.78,151351764,hs300
2019/12/19,0.125,4038.54,4014.9,4034.62,4027.15,117900558,hs300
2019/12/20,-0.4,4046.73,4014.93,4032.15,4017.25,121267662,hs300
2019/12/23,-0.1875,4032.17,3964.38,4014.69,3967.1,122816246,hs300
2019/12/24,0.090909091,3994.51,3963.67,3971.56,3992.96,95989045,hs300
2019/12/25,0.222222222,4000.56,3976.36,3988.66,3990.87,94938890,hs300
2019/12/26,0.083333333,4025.99,3993.54,3993.67,4025.99,108860640,hs300
2019/12/27,0.25,4066.8,4019.72,4029.25,4022.03,150926411,hs300
2019/12/30,-0.625,4083.69,4001.5,4015.52,4081.63,155971488,hs300
2019/12/31,0.6,4098.14,4069.01,4077.75,4096.58,123264258,hs300
2020/1/2,0.055555556,4172.66,4121.35,4121.35,4152.24,182116772,hs300
2020/1/3,1.166666667,4164.3,4131.86,4161.22,4144.96,142826244,hs300
2020/1/6,-0.5625,4170.64,4102.38,4120.52,4129.3,175309953,hs300
2020/1/7,-0.1,4161.25,4135.1,4137.4,4160.23,139489031,hs300
2020/1/8,-0.125,4149.81,4101.98,4139.63,4112.32,167585850,hs300
2020/1/9,0.076923077,4165.66,4143.59,4145.53,4164.37,136886324,hs300
2020/1/10,0,4180.98,4148.48,4177.58,4163.19,113031719,hs300
2020/1/13,-0.230769231,4203.99,4148.6,4166.93,4203.99,119691982,hs300
2020/1/14,0.285714286,4223.51,4188.08,4215.16,4189.89,129320783,hs300
2020/1/15,0,4193.87,4150.88,4186.88,4166.73,104633136,hs300
2020/1/16,-0.461538462,4175.29,4142.18,4174.82,4149.04,100267642,hs300
2020/1/17,0,4177.03,4141.65,4162.19,4154.85,98725682,hs300
2020/1/20,-0.071428571,4185.96,4149.49,4170.74,4185.83,122409147,hs300
2020/1/21,0,4165.02,4113.33,4165.02,4114.31,130527507,hs300
2020/1/22,-0.153846154,4141.18,4046.49,4093.8,4131.93,126758763,hs300
2020/1/23,-0.5,4103.52,3972.39,4093.32,4003.9,160357603,hs300
2020/2/3,0,3732.16,3639.91,3639.91,3688.36,157559647,hs300
2020/2/4,0,3786.86,3652,3652,3785.64,213933328,hs300
2020/2/5,0.125,3866.01,3781.61,3801.1,3828.53,174925524,hs300
2020/2/6,0.2,3914.92,3806.96,3841.75,3899.78,176462235,hs300
2020/2/7,0.142857143,3899.88,3849.71,3879.55,3899.87,151731759,hs300
2020/2/10,0.210526316,3920.17,3861.01,3872.37,3916.01,148406969,hs300
2020/2/11,-0.090909091,3970.52,3915.71,3926.42,3952.46,143441674,hs300
2020/2/12,-0.5625,3984.43,3940.67,3945.67,3984.43,126710321,hs300
2020/2/13,-0.315789474,3999.55,3950.14,3985.88,3959.92,145001843,hs300
2020/2/14,-0.571428571,4001.56,3954.02,3954.23,3987.73,143239803,hs300
2020/2/17,0.071428571,4077.45,3999.65,3999.65,4077.42,182778969,hs300
2020/2/18,0.35,4076.39,4027.79,4069.83,4057.51,163236220,hs300
2020/2/19,0.166666667,4085.17,4042.85,4049.59,4051.31,169046441,hs300
2020/2/20,0,4148.53,4055.81,4062.9,4144.66,212232624,hs300
2020/2/21,-0.384615385,4184.44,4130.17,4134.87,4149.49,217213604,hs300
2020/2/24,0.142857143,4149.01,4097.18,4131.84,4132.84,212869303,hs300
2020/2/25,-0.368421053,4126.71,4020.91,4066.3,4123.85,244167831,hs300
2020/2/26,-0.538461538,4132.78,4061.12,4070.1,4073.02,261094061,hs300
2020/2/27,0.5,4110.53,4067.44,4084.08,4084.88,181290981,hs300
2020/2/28,-0.333333333,4031.15,3928.07,3988.73,3940.05,230275093,hs300
2020/3/2,0.1875,4092.54,3968.84,3968.84,4069.67,219313559,hs300
2020/3/3,0.333333333,4147.65,4067.91,4125.14,4091.36,219369777,hs300
2020/3/4,-0.333333333,4115.26,4060.73,4078.5,4115.05,182424730,hs300
2020/3/5,-0.176470588,4215.85,4127.04,4150.21,4206.73,231823115,hs300
2020/3/6,0.833333333,4181.31,4135.39,4158.2,4138.51,172475717,hs300
2020/3/9,0.238095238,4063.08,3995.13,4063.08,3997.13,208102035,hs300
2020/3/10,0.230769231,4093,3954.75,3975.23,4082.73,197416402,hs300
2020/3/11,0.875,4091.27,4028.4,4090.93,4028.43,161656111,hs300
2020/3/12,0,3987.43,3926.27,3976.11,3950.91,157060458,hs300
2020/3/13,0.088235294,3937.18,3765.15,3771.01,3895.31,188296722,hs300
2020/3/16,-0.533333333,3899.86,3720.51,3899.86,3727.84,185968260,hs300
2020/3/17,-0.222222222,3786.89,3618.31,3739.78,3709.68,166246129,hs300
2020/3/18,-0.382352941,3775.85,3636.26,3729.69,3636.26,155037547,hs300
2020/3/19,-0.270833333,3647.99,3503.19,3623.79,3589.09,180807407,hs300
2020/3/20,-0.2,3663.95,3588.78,3629.51,3653.22,139603000,hs300
2020/3/23,-0.090909091,3585.8,3523.79,3542.68,3530.31,137108790,hs300
2020/3/24,-0.214285714,3627.76,3545.45,3598.65,3625.11,143103021,hs300
2020/3/25,0.157894737,3732.65,3685.99,3711.48,3722.52,153495958,hs300
2020/3/26,-0.368421053,3736.25,3681.27,3692.61,3698.05,112310665,hs300
2020/3/27,-0.684210526,3758.78,3709.92,3746.39,3710.06,124060995,hs300
2020/3/30,0.363636364,3690.64,3637.59,3657.46,3674.11,126876673,hs300
2020/3/31,-0.166666667,3716.07,3676.2,3708.14,3686.16,111453025,hs300
2020/4/1,0.5,3731.78,3670.97,3682.3,3675.08,119352620,hs300
2020/4/2,-0.421052632,3734.53,3652.32,3656.32,3734.53,115168209,hs300
2020/4/3,-0.538461538,3738.83,3698.98,3721.48,3713.22,99825083,hs300
2020/4/7,-0.333333333,3803.63,3772.21,3779.91,3798.02,142778030,hs300
2020/4/8,0,3793,3767.29,3776.42,3780.34,111389513,hs300
2020/4/9,-0.136363636,3801.72,3785.31,3798.49,3792.81,100485032,hs300
2020/4/10,0.076923077,3824.74,3758.96,3794.84,3769.18,102444956,hs300
2020/4/13,-0.625,3769.88,3740.19,3751.71,3753.26,79053343,hs300
2020/4/14,-0.571428571,3825.76,3764.98,3777.83,3825.7,110637585,hs300
2020/4/15,-0.470588235,3829.8,3793.44,3820.85,3797.36,108461984,hs300
2020/4/16,-0.263157895,3807.36,3774.56,3777.8,3802.38,95947965,hs300
2020/4/17,-0.363636364,3863.45,3821.42,3831.92,3839.49,132004301,hs300
2020/4/20,-0.136752137,3853.8,3831.55,3845.46,3853.46,100013115,hs300
2020/4/21,-0.017241379,3838.23,3780,3838.23,3808.05,102921888,hs300
2020/4/22,0.45,3839.38,3782.21,3789.13,3839.38,85899464,hs300
2020/4/23,-0.210526316,3857.47,3826.56,3851.91,3829.75,95508450,hs300
2020/4/24,-0.5,3827.21,3787.07,3826.31,3796.97,94844135,hs300
2020/4/27,0.133333333,3842.87,3793.77,3808.02,3822.77,95462735,hs300
2020/4/28,0.4,3859.68,3768.2,3835.35,3849.15,122093476,hs300
2020/4/29,-0.133333333,3880.74,3833.72,3837.51,3867.03,95854590,hs300
2020/4/30,-0.071428571,3921.7,3880.41,3880.41,3912.58,132917125,hs300
2020/5/6,0.111111111,3937.69,3865.99,3867.26,3936.25,139855675,hs300
2020/5/7,-0.222222222,3941.48,3915.9,3937.59,3924.89,105514646,hs300
2020/5/8,0.2,3979.66,3935.98,3943,3963.62,116943341,hs300
2020/5/11,-0.285714286,3998.1,3944.5,3974.76,3960.18,122673803,hs300
2020/5/12,-0.25,3970.11,3930.21,3961.34,3960.24,98250554,hs300
2020/5/13,-0.857142857,3972.53,3932.57,3946.64,3968.25,88190669,hs300
2020/5/14,-0.6,3952.2,3924.05,3952.2,3925.22,88530004,hs300
2020/5/15,0,3945.2,3907.4,3941.12,3912.82,92618382,hs300
2020/5/18,-0.083333333,3946.43,3898.4,3914.66,3922.91,112801762,hs300
2020/5/19,1,3966.85,3944.07,3963.78,3956.25,94015291,hs300
2020/5/20,0,3955.71,3923.92,3955.71,3935.22,100791150,hs300
2020/5/21,-0.111111111,3951.74,3907.58,3950.6,3913.79,94861033,hs300
2020/5/22,-0.266666667,3907.58,3818.15,3907.58,3824.06,103378360,hs300
2020/5/25,-0.454545455,3835.63,3800.18,3828.32,3829.32,79033326,hs300
2020/5/26,0.272727273,3874.75,3844.48,3850,3872.77,77448076,hs300
2020/5/27,-0.5,3873.7,3838.42,3873.7,3845.61,83711831,hs300
2020/5/28,-0.375,3885.42,3818.43,3848.49,3856.63,93064054,hs300
2020/5/29,-0.333333333,3872.3,3830.42,3838.38,3867.02,93813832,hs300
2020/6/1,0.3125,3976.32,3901.73,3901.73,3971.34,136456652,hs300
2020/6/2,0.333333333,3991.78,3958.98,3969.95,3983.57,144303060,hs300
2020/6/3,-0.625,4018.68,3982.93,4001.17,3983.65,136597483,hs300
2020/6/4,0.181818182,3999.81,3968.57,3998.16,3982.19,104277737,hs300
2020/6/5,-0.5625,4001.25,3967.93,3988.22,4001.25,102443942,hs300
2020/6/8,0.272727273,4050.22,4016.1,4023.61,4021.95,137925813,hs300
2020/6/9,0.142857143,4052.16,4016.34,4027.56,4047.03,115304479,hs300
2020/6/10,0,4046.23,4024.42,4046.23,4039.71,112265728,hs300
2020/6/11,0.4,4043.01,3979.75,4031.74,3995.88,127308941,hs300
2020/6/12,0.285714286,4011.06,3927.25,3931.62,4003.08,134166649,hs300
2020/6/15,0.833333333,4007.14,3954.99,3982.97,3954.99,131297860,hs300
2020/6/16,0,4014.57,3987.86,3995.58,4014.57,111051539,hs300
2020/6/17,0.4,4018.61,3992.13,4018.61,4017.59,105605799,hs300
2020/6/18,0.416666667,4047.56,4000.9,4009.78,4044.38,138148761,hs300
2020/6/19,0.666666667,4109.36,4043.49,4047.05,4098.71,152946990,hs300
2020/6/22,0.5,4126.94,4088.78,4097.51,4102.05,155829465,hs300
2020/6/23,0,4124.73,4080.75,4098.04,4121.79,129229510,hs300
2020/6/24,0.2,4144.68,4123.36,4128.1,4138.99,121712465,hs300
2020/6/29,0.125,4137.37,4092.54,4127.93,4109.72,130865854,hs300
2020/6/30,0.555555556,4174.42,4129.78,4130,4163.96,125933521,hs300
2020/7/1,0.133333333,4247.78,4163.5,4172.64,4247.78,169990456,hs300
2020/7/2,0.888888889,4340.1,4238.12,4239.41,4335.84,252939368,hs300
2020/7/3,0,4419.6,4348.45,4353.19,4419.6,290485539,hs300
2020/7/6,0.5,4678.11,4465.81,4465.81,4670.09,405821025,hs300
2020/7/7,0.555555556,4796.32,4688.06,4739.61,4698.13,406008553,hs300
2020/7/8,0.25,4803.36,4670.65,4692.86,4774,348074847,hs300
2020/7/9,0.444444444,4854.12,4757.29,4770.08,4840.77,351046893,hs300
2020/7/10,-0.384615385,4821.37,4734.47,4796.09,4753.13,316949651,hs300
2020/7/13,0.333333333,4878.08,4741.87,4742.37,4852.96,321645446,hs300
2020/7/14,0.1,4860.44,4729.93,4836.17,4806.69,297241985,hs300
2020/7/15,0,4837.48,4723.36,4821.52,4744.47,272389006,hs300
2020/7/16,-0.125,4772.56,4513.65,4741.53,4516.25,284657133,hs300
2020/7/17,-0.368421053,4601.37,4485.82,4524.77,4544.7,207375563,hs300
2020/7/20,-0.0625,4681.94,4534.23,4597.2,4680.3,246068914,hs300
2020/7/21,0.833333333,4714.29,4661.44,4697.5,4691.04,200415659,hs300
2020/7/22,0.214285714,4790.45,4675.35,4682.66,4714.45,224199211,hs300
2020/7/23,-0.35,4731.4,4607.66,4668.74,4712.44,234314569,hs300
2020/7/24,-0.578947368,4691.7,4479.39,4679.03,4505.59,243905203,hs300
2020/7/27,0.230769231,4558.12,4482.44,4535.01,4528.45,171420551,hs300
2020/7/28,0,4590.25,4537.68,4567.67,4568.26,162768498,hs300
2020/7/29,0.166666667,4680.56,4548.85,4559.16,4679.01,186695305,hs300
2020/7/30,0,4704.63,4649.77,4689.76,4656.15,166967566,hs300
2020/7/31,0,4741.81,4621.96,4652.18,4695.05,184839026,hs300
2020/8/3,-0.066666667,4771.37,4720.03,4735.9,4771.31,214776239,hs300
2020/8/4,0.857142857,4807.08,4747.77,4778.49,4775.8,239974985,hs300
2020/8/5,0.25,4786.7,4711.27,4761.76,4777.11,196700548,hs300
2020/8/6,1.666666667,4791.86,4691.16,4779.24,4762.76,227854406,hs300
2020/8/7,-0.266666667,4749.02,4637.84,4742.29,4707.93,213518216,hs300
2020/8/10,0.75,4757.66,4646.29,4681.76,4724.87,203788832,hs300
2020/8/11,0.2,4791.53,4674.86,4730.37,4681.78,205546511,hs300
2020/8/12,0,4681.62,4566.27,4668.89,4647.64,202887239,hs300
2020/8/13,0.428571429,4671.77,4626.1,4666.49,4635.71,152550092,hs300
2020/8/14,-0.266666667,4708.07,4617.63,4627.61,4704.63,147292921,hs300
2020/8/17,0,4838.09,4721.36,4727.12,4815.23,268001556,hs300
2020/8/18,0.25,4825.39,4788.83,4816.57,4812.76,189139854,hs300
2020/8/19,0,4809.05,4738.01,4804.67,4740.68,192442948,hs300
2020/8/20,-1.125,4721.44,4662.8,4708.13,4679.15,158368639,hs300
2020/8/21,0.5,4739.48,4684.81,4717.79,4718.84,142657864,hs300
2020/8/24,-0.2,4769.47,4716.61,4746.4,4755.85,151143512,hs300
2020/8/25,-0.25,4802.41,4746.31,4769.21,4761.95,141701351,hs300
2020/8/26,0.333333333,4786.42,4689.88,4761.72,4706.13,151305180,hs300
2020/8/27,0.285714286,4731.94,4679.36,4718.06,4731.35,119042850,hs300
2020/8/28,0.090909091,4850.49,4719.35,4727.29,4844.27,159399765,hs300
2020/8/31,-0.133333333,4901.21,4816.21,4870.93,4816.22,202567029,hs300
2020/9/1,-0.444444444,4842.14,4791.78,4803.39,4842.12,138395402,hs300
2020/9/2,0.5,4863.55,4797.52,4859.08,4843.89,157989524,hs300
2020/9/3,0,4877.01,4800.06,4841.5,4817.1,145671201,hs300
2020/9/4,0.076923077,4778.2,4726.56,4737.24,4770.22,120032796,hs300
2020/9/7,-0.111111111,4789.3,4655.56,4759.52,4669.37,148607791,hs300
2020/9/8,0.222222222,4707.9,4639.05,4683.83,4694.39,139199227,hs300
2020/9/9,-0.384615385,4645.2,4558.03,4634.25,4584.59,162277107,hs300
2020/9/10,0.375,4647.75,4572.21,4632.1,4581.98,150652878,hs300
2020/9/11,-0.166666667,4630.88,4563.11,4572.26,4627.28,115302424,hs300
2020/9/14,0.571428571,4666.99,4625.99,4652.05,4651.05,107235179,hs300
2020/9/15,-0.6,4691.5,4630.54,4649.45,4688.48,101915925,hs300
2020/9/16,-0.125,4690.68,4638.46,4683.01,4657.36,108753641,hs300
2020/9/17,-0.5,4664.95,4601.64,4642.05,4632.71,105983631,hs300
2020/9/18,-0.222222222,4737.8,4631.7,4636.64,4737.09,160426475,hs300
2020/9/21,0,4752.98,4688.72,4750.75,4691.43,124535827,hs300
2020/9/22,0.266666667,4706.21,4622.11,4654.22,4635.76,119672947,hs300
2020/9/23,0.166666667,4665.96,4623.55,4639.66,4652.33,95826528,hs300
2020/9/24,-0.533333333,4631.95,4562.21,4623.95,4563.07,112593683,hs300
2020/9/25,-0.5,4599.54,4554.72,4582.48,4570.02,93015155,hs300
2020/9/28,-0.142857143,4613.63,4571.15,4582.65,4581.91,85048389,hs300
2020/9/29,0,4616.68,4586.35,4608.29,4591.8,85993858,hs300
2020/9/30,0.125,4634.72,4563.41,4607.58,4587.4,89081200,hs300
2020/10/9,-0.25,4695.4,4655.09,4663.61,4681.14,111337512,hs300
2020/10/12,1,4823.27,4704.16,4705.19,4823.16,155784558,hs300
2020/10/13,-0.333333333,4845.92,4795.37,4812.9,4839.2,116516338,hs300
2020/10/14,0.285714286,4830.46,4795.91,4830.46,4807.1,111906923,hs300
2020/10/15,0.666666667,4833.89,4796.26,4810.78,4798.74,109964962,hs300
2020/10/16,-0.090909091,4825.55,4765.97,4798.92,4791.68,116716102,hs300
2020/10/19,0.375,4849.61,4747.34,4823.49,4755.49,129246361,hs300
2020/10/20,0.25,4793.47,4739.46,4751.37,4793.47,98048156,hs300
2020/10/21,0,4801.63,4758.86,4801.63,4792.83,103805703,hs300
2020/10/22,-2,4791.81,4725.5,4780.6,4777.98,101350891,hs300
2020/10/23,-0.2,4802.46,4717.1,4775.47,4718.49,106825184,hs300
2020/10/26,-0.4,4713.39,4639.3,4684.05,4691.24,108343275,hs300
2020/10/27,0.2,4708.46,4671.85,4680.14,4699.28,92656304,hs300
2020/10/28,-0.333333333,4753.31,4685.6,4703,4737.27,108463402,hs300
2020/10/29,0,4803.03,4679.25,4683.61,4772.92,117117250,hs300
2020/10/30,-0.5,4778.51,4683.47,4776.47,4695.33,139802303,hs300
2020/11/2,-0.333333333,4738.02,4695.44,4702.75,4720.83,142867693,hs300
2020/11/3,-0.666666667,4793.4,4734.17,4743.17,4777.56,136055408,hs300
2020/11/4,0,4825.46,4770.56,4781.45,4813.66,114661806,hs300
2020/11/5,-0.1,4885.11,4838,4861.34,4885.11,139244594,hs300
2020/11/6,0.384615385,4897.63,4845.43,4897.63,4885.72,153639034,hs300
2020/11/9,0.5,4997.8,4918.86,4918.86,4981.35,197131984,hs300
2020/11/10,0.222222222,4995.41,4928.93,4995.41,4953.88,176267214,hs300
2020/11/11,0.055555556,4957.58,4901.71,4937.76,4904.9,164470515,hs300
2020/11/12,0.1,4926.34,4891.51,4916.77,4908.46,118114619,hs300
2020/11/13,0.090909091,4886.98,4825.76,4886.98,4856.85,133693079,hs300
2020/11/16,0.6,4904.17,4848.62,4880.96,4904.17,148770980,hs300
2020/11/17,0.1,4909.29,4865.39,4903.12,4894.79,151487464,hs300
2020/11/18,-0.333333333,4911.09,4870.72,4889.67,4891.67,164216616,hs300
2020/11/19,0.285714286,4939.79,4870.2,4880.92,4927.99,133681378,hs300
2020/11/20,-0.333333333,4947.43,4922.59,4928.22,4943.29,129400341,hs300
2020/11/23,0.333333333,5029.65,4940.45,4954.6,5005.03,205915187,hs300
2020/11/24,-0.25,5001.06,4960.98,4997.05,4974.29,156637911,hs300
2020/11/25,-0.076923077,5004.77,4910.7,4992.75,4910.7,170340527,hs300
2020/11/26,0,4925.29,4867.82,4908.32,4919.59,137202338,hs300
2020/11/27,0.266666667,4980.77,4917.35,4930.59,4980.77,162952922,hs300
2020/11/30,-0.15,5055.19,4960.25,4994.11,4960.25,262638950,hs300
2020/12/1,-0.125,5072.55,4963.13,4963.13,5067.1,204065638,hs300
2020/12/2,-0.111111111,5090.61,5043.31,5072.98,5067.14,195435476,hs300
2020/12/3,0.454545455,5072.3,5033.79,5065.45,5057.06,177865748,hs300
2020/12/4,-0.217391304,5072.39,5017.85,5049.52,5065.92,144347167,hs300
2020/12/7,0.470588235,5067.87,5014.61,5065.73,5022.24,139896217,hs300
2020/12/8,-0.076923077,5043.06,4998.92,5029.11,5009.88,123073029,hs300
2020/12/9,0.095238095,5033.64,4942.52,5022.38,4942.7,138916965,hs300
2020/12/10,0.1875,4962.74,4919.77,4931.29,4940.52,125914270,hs300
2020/12/11,0.055555556,4957.82,4849.35,4957.82,4889.63,159357697,hs300
2020/12/14,0,4937.26,4887.66,4903.63,4934.84,120801552,hs300
2020/12/15,-0.3,4954.19,4904.79,4931.6,4945.1,118342633,hs300
2020/12/16,0.210526316,4968.86,4938.19,4957.3,4953.87,106778968,hs300
2020/12/17,0.1,5021.62,4950.37,4960.73,5017.48,133385479,hs300
2020/12/18,0.1875,5027.44,4979.01,5014.32,4999.97,128049618,hs300
2020/12/21,0,5048.51,4970,4995.76,5046.84,140811782,hs300
2020/12/22,-0.05,5055.13,4960.95,5034.98,4964.77,162344970,hs300
2020/12/23,-0.181818182,5028.45,4968.15,4977.3,5007.12,140292819,hs300
2020/12/24,0.866666667,5033.04,4979.24,5006.01,5000.02,114418667,hs300
2020/12/25,-0.153846154,5042.1,4973.68,4985.77,5042.01,121006979,hs300
2020/12/28,-0.3,5089.34,5037.86,5042.94,5064.41,136914407,hs300
2020/12/29,0.153846154,5077.42,5034.31,5071.45,5042.94,141198662,hs300
2020/12/30,0.6,5113.71,5036.63,5037.98,5113.71,148626448,hs300
2020/12/31,0.571428571,5215.62,5122.48,5122.48,5211.29,171602509,hs300
2021/1/4,0.583333333,5284.43,5190.94,5212.93,5267.72,211711382,hs300
2021/1/5,0.583333333,5368.5,5234.38,5245.84,5368.5,224931159,hs300
2021/1/6,0.303030303,5433.47,5341.43,5386.51,5417.67,193773444,hs300
2021/1/7,0.4,5513.66,5413.35,5428.39,5513.66,219872080,hs300
2021/1/8,0.285714286,5547.47,5442.69,5526.29,5495.43,204324956,hs300
2021/1/11,0.4,5555.69,5412.5,5504.24,5441.16,231835983,hs300
2021/1/12,0.392857143,5596.35,5417.63,5419.5,5596.35,224220186,hs300
2021/1/13,0.421052632,5644.72,5535.14,5609.26,5577.97,261569886,hs300
2021/1/14,-0.142857143,5568.02,5458.68,5556.21,5470.46,243683380,hs300
2021/1/15,0.228571429,5500.63,5390.27,5471.39,5458.08,238637435,hs300
2021/1/18,0.263157895,5541.46,5410.78,5438.16,5518.52,207051869,hs300
2021/1/19,0.136363636,5532.48,5415.72,5525.97,5437.52,211043425,hs300
2021/1/20,0.2,5496.05,5426.54,5439.91,5476.43,170913260,hs300
2021/1/21,-0.043478261,5593.11,5490.56,5492.96,5564.97,209950197,hs300
2021/1/22,0.583333333,5573.66,5513.88,5562.38,5569.78,199300020,hs300
2021/1/25,0.222222222,5655.48,5543.27,5564.12,5625.92,197047019,hs300
2021/1/26,0.533333333,5600.9,5506,5600.9,5512.97,171904590,hs300
2021/1/27,0.37037037,5534.99,5449.64,5505.77,5528,160190841,hs300
2021/1/28,-0.086956522,5462.24,5360.38,5450.37,5377.14,170485585,hs300
2021/1/29,-0.142857143,5430.2,5288.1,5413.97,5351.96,182178784,hs300
2021/2/1,0.307692308,5422.3,5342.05,5356.85,5417.65,166313706,hs300
2021/2/2,0.5,5503.21,5411.52,5429.7,5501.09,165210565,hs300
2021/2/3,0.222222222,5532.89,5473.12,5499.3,5485.2,188054317,hs300
2021/2/4,0.677419355,5510.05,5411.57,5453.98,5473.95,180575654,hs300
2021/2/5,0.238095238,5550.77,5477.65,5494.7,5483.41,189699598,hs300
2021/2/8,0.4,5576.49,5479.85,5506.14,5564.56,164033775,hs300
2021/2/9,0.444444444,5686.25,5555.05,5584.17,5686.25,164887260,hs300
2021/2/10,0.2,5823.42,5707.33,5709.68,5807.72,170169786,hs300
2021/2/18,0.214285714,5930.91,5747.66,5922.07,5768.38,218848686,hs300
2021/2/19,-0.125,5787.89,5667.32,5734.02,5778.84,214475780,hs300
2021/2/22,0.235294118,5785.51,5597.33,5785.51,5597.33,282124382,hs300
2021/2/23,-0.25,5644.76,5541.11,5542.68,5579.67,233807727,hs300
2021/2/24,0,5598.83,5379.73,5591.48,5437.57,225428610,hs300
2021/2/25,-0.161290323,5527.63,5444.16,5494.47,5469.56,230736028,hs300
2021/2/26,-0.071428571,5416.32,5318.86,5343.9,5336.76,212264543,hs300
2021/3/1,0.263157895,5421.56,5345.94,5389.25,5418.78,177463523,hs300
2021/3/2,0.074074074,5454.97,5305.05,5453.28,5349.63,196511115,hs300
2021/3/3,-0.214285714,5452.4,5316.48,5327.35,5452.21,194709054,hs300
2021/3/4,-0.19047619,5392.37,5254.78,5388.48,5280.71,212775211,hs300
2021/3/5,-0.5,5307.82,5174.25,5191.97,5262.8,202627956,hs300
2021/3/8,-0.236842105,5326.26,5079.8,5299.79,5080.02,230231635,hs300
2021/3/9,-0.404761905,5094.31,4917.91,5066.15,4971,230711004,hs300
2021/3/10,-0.272727273,5055.28,4981.62,5047.06,5003.61,169928490,hs300
2021/3/11,-0.033333333,5138.41,5020.58,5024.56,5128.22,189600766,hs300
2021/3/12,0.0625,5153.67,5086.82,5153.67,5146.38,201020589,hs300
2021/3/15,-0.303030303,5120.88,4992.4,5116.12,5035.54,204153084,hs300
2021/3/16,-0.555555556,5084.31,5009.95,5054.41,5079.36,161390054,hs300
2021/3/17,-0.142857143,5123.55,5020.13,5062.77,5100.86,149162376,hs300
2021/3/18,-0.133333333,5160.46,5111.13,5114.59,5141.77,142901518,hs300
2021/3/19,-0.545454545,5089.92,4980.76,5068.53,5007.09,164174849,hs300
2021/3/22,-0.285714286,5071.34,4996.54,5008.4,5057.15,167402632,hs300
2021/3/23,0.05,5064.02,4966.53,5057.06,5009.25,158013967,hs300
2021/3/24,-0.2,5024.33,4919.89,4985.4,4928.69,159385982,hs300
2021/3/25,-0.090909091,4950.76,4883.66,4904.07,4926.35,132945189,hs300
2021/3/26,0.117647059,5050.83,4953.95,4953.95,5037.99,145926697,hs300
2021/3/29,0.277777778,5086.65,5010.39,5052.26,5046.88,143388215,hs300
2021/3/30,0.222222222,5106.04,5032.8,5043.1,5094.73,138618560,hs300
2021/3/31,0.071428571,5085.95,5015.61,5085.95,5048.36,141335743,hs300
2021/4/1,-0.04,5115.43,5056.87,5059.94,5110.78,120324890,hs300
2021/4/2,-0.066666667,5169.83,5116.35,5129.85,5161.56,127002254,hs300
2021/4/6,0.230769231,5181.15,5125.33,5178.64,5140.34,109834210,hs300
2021/4/7,-0.052631579,5141.66,5065.19,5141.66,5103.74,145763748,hs300
