,date,open,close,high,low,volume,code
2366,2015/1/5,3566.09,3641.54,3669.04,3551.51,451198098,hs300
2367,2015/1/6,3608.43,3641.06,3683.23,3587.23,420962185,hs300
2368,2015/1/7,3620.92,3643.79,3671.19,3601.7,320191232,hs300
2369,2015/1/8,3650.07,3559.26,3659.95,3552.1,295003045,hs300
2370,2015/1/9,3547.57,3546.72,3689.75,3536.4,349982672,hs300
2371,2015/1/12,3531.51,3513.58,3560.53,3461.32,266567175,hs300
2372,2015/1/13,3506.45,3514.04,3550.16,3494.77,187153965,hs300
2373,2015/1/14,3522.91,3502.42,3547.24,3471.56,196012510,hs300
2374,2015/1/15,3501.72,3604.12,3604.12,3482.27,237812338,hs300
2375,2015/1/16,3616.25,3635.15,3662.16,3601.26,282681614,hs300
2376,2015/1/19,3414.01,3355.16,3497.25,3330.98,329505275,hs300
2377,2015/1/20,3336.79,3396.22,3419.2,3325.68,297843232,hs300
2378,2015/1/21,3420.49,3548.89,3557.79,3409.43,337928210,hs300
2379,2015/1/22,3551.05,3567.61,3576.76,3520.05,268853599,hs300
2380,2015/1/23,3582.09,3571.73,3627.81,3548.63,280172172,hs300
2381,2015/1/26,3580.12,3607.99,3611.62,3559.38,239766203,hs300
2382,2015/1/27,3614.04,3574.93,3616.26,3510.02,287669179,hs300
2383,2015/1/28,3547.24,3525.32,3583.31,3512.39,216220214,hs300
2384,2015/1/29,3474.92,3481.8,3505.58,3453.9,211618860,hs300
2385,2015/1/30,3496.89,3434.39,3514.22,3431.94,196479157,hs300
2386,2015/2/2,3360.19,3353.96,3407.26,3347.08,195183699,hs300
2387,2015/2/3,3388.6,3437.45,3441.71,3360.72,192846096,hs300
2388,2015/2/4,3446.14,3401.77,3476.82,3399.56,191304349,hs300
2389,2015/2/5,3487.95,3366.95,3487.95,3366.86,250430609,hs300
2390,2015/2/6,3352.33,3312.42,3374.05,3285.94,192664186,hs300
2391,2015/2/9,3305.73,3345.92,3376.53,3298.6,172353820,hs300
2392,2015/2/10,3345.08,3406.94,3407.18,3339.55,159309088,hs300
2393,2015/2/11,3415.98,3434.12,3445.66,3412.14,144613772,hs300
2394,2015/2/12,3435.36,3442.87,3453.58,3405.63,156081691,hs300
2395,2015/2/13,3458.83,3469.83,3509.5,3452.08,201089971,hs300
2396,2015/2/16,3473.29,3499.48,3504.48,3466.61,165641343,hs300
2397,2015/2/17,3511.54,3522.32,3536.82,3511.09,165328313,hs300
2398,2015/2/25,3529.55,3478.73,3529.55,3463.96,165539351,hs300
2399,2015/2/26,3473.71,3566.29,3569.33,3456.87,229328438,hs300
2400,2015/2/27,3565.23,3572.84,3594.81,3560.46,222786438,hs300
2401,2015/3/2,3603.45,3601.26,3608.69,3566.53,248176125,hs300
2402,2015/3/3,3579.31,3507.9,3579.31,3504.2,261866489,hs300
2403,2015/3/4,3514.67,3530.82,3540.91,3497.17,199663981,hs300
2404,2015/3/5,3513.25,3496.34,3517.08,3467.68,217508805,hs300
2405,2015/3/6,3501.18,3478.52,3516.24,3472.39,181518054,hs300
2406,2015/3/9,3449.7,3537.75,3546.71,3417.49,233940411,hs300
2407,2015/3/10,3523.64,3520.61,3551.21,3511.99,194267657,hs300
2408,2015/3/11,3524.57,3524.65,3568.92,3512.22,188947825,hs300
2409,2015/3/12,3557.69,3592.84,3603.34,3536.53,265664625,hs300
2410,2015/3/13,3604.67,3617.66,3641.39,3594.74,246864768,hs300
2411,2015/3/16,3641.77,3705.67,3705.74,3621.12,275438307,hs300
2412,2015/3/17,3733.96,3757.12,3762.57,3716.81,371625666,hs300
2413,2015/3/18,3769.09,3846.05,3846.05,3763.85,415190011,hs300
2414,2015/3/19,3851.25,3839.74,3859.13,3809.71,391547630,hs300
2415,2015/3/20,3852.49,3892.57,3916.86,3832.42,401817552,hs300
2416,2015/3/23,3923.08,3972.06,3972.3,3922.21,391119922,hs300
2417,2015/3/24,3980.07,3973.05,3989.86,3883.78,468581312,hs300
2418,2015/3/25,3961.58,3940.41,3980.72,3913.99,379968851,hs300
2419,2015/3/26,3921.75,3950,3992,3892.88,346756315,hs300
2420,2015/3/27,3957.542,3971.697,3993.032,3993.032,298756064,hs300
2421,2015/3/30,3999.02,4088.18,4101.65,3999.02,428297020,hs300
2422,2015/3/31,4138.88,4051.2,4166.02,4037.77,436065635,hs300
2423,2015/4/1,4057.5,4123.9,4139.5,4046.94,329512853,hs300
2424,2015/4/2,4149.95,4124.78,4156.84,4068.65,339070487,hs300
2425,2015/4/3,4104.67,4170.54,4170.56,4092.38,321303766,hs300
2426,2015/4/7,4213.89,4260.04,4260.47,4197.02,415362654,hs300
2427,2015/4/8,4277.45,4295.8,4304.78,4204.83,458676715,hs300
2428,2015/4/9,4316.96,4262.14,4332.17,4212.61,439699902,hs300
2429,2015/4/10,4249.38,4344.42,4351.69,4231.2,348190170,hs300
2430,2015/4/13,4394.05,4421.07,4432.02,4361.59,434153036,hs300
2431,2015/4/14,4432.13,4438.18,4474.35,4385.91,434432126,hs300
2432,2015/4/15,4439.31,4380.51,4476,4379.61,472154131,hs300
2433,2015/4/16,4355.49,4513.55,4513.77,4335.63,422603748,hs300
2434,2015/4/17,4578.68,4596.14,4630.27,4553.9,552802663,hs300
2435,2015/4/20,4615.03,4521.92,4671.17,4492.6,686439075,hs300
2436,2015/4/21,4520.46,4619.16,4620.06,4504.56,490314991,hs300
2437,2015/4/22,4637.06,4739.81,4740.93,4632.59,516213792,hs300
2438,2015/4/23,4764.48,4740.89,4782.04,4693.97,497430954,hs300
2439,2015/4/24,4682.63,4702.64,4730.43,4618.32,480152936,hs300
2440,2015/4/27,4753.87,4807.59,4810.48,4735.31,513076548,hs300
2441,2015/4/28,4811.32,4741.86,4839.08,4703.57,608638545,hs300
2442,2015/4/29,4722.9,4774.33,4797.93,4695.79,395056980,hs300
2443,2015/4/30,4788.41,4749.89,4818.73,4749.48,399727444,hs300
2444,2015/5/4,4757.64,4787.74,4795.92,4699.4,377843853,hs300
2445,2015/5/5,4785.19,4596.84,4785.19,4572.98,460419626,hs300
2446,2015/5/6,4626.23,4553.33,4700.91,4511.76,376073702,hs300
2447,2015/5/7,4520.82,4470.09,4546.34,4467.46,297759203,hs300
2448,2015/5/8,4515.55,4558.4,4559.06,4445.59,302407967,hs300
2449,2015/5/11,4582.09,4690.53,4690.95,4535.15,373838420,hs300
2450,2015/5/12,4692.12,4747.42,4748,4660.02,377053891,hs300
2451,2015/5/13,4746.71,4718.44,4758,4678.85,370730424,hs300
2452,2015/5/14,4717.96,4700.78,4735.28,4670.17,337725152,hs300
2453,2015/5/15,4690.75,4617.47,4690.75,4592.05,328431166,hs300
2454,2015/5/18,4582.06,4575.14,4623.38,4565.06,269180489,hs300
2455,2015/5/19,4577.64,4731.22,4740,4577.64,314785952,hs300
2456,2015/5/20,4751.57,4754.92,4843.1,4745.21,363180748,hs300
2457,2015/5/21,4768.69,4840.98,4841.62,4746.03,305054537,hs300
2458,2015/5/22,4895.92,4951.33,4951.99,4870.6,455846718,hs300
2459,2015/5/25,4949.11,5099.5,5099.84,4949.11,465736590,hs300
2460,2015/5/26,5140.8,5198.92,5199.29,5063.15,487949359,hs300
2461,2015/5/27,5216.17,5181.43,5226.84,5126.86,470798730,hs300
2462,2015/5/28,5174.1,4834.01,5213.18,4831.33,571829047,hs300
2463,2015/5/29,4839.53,4840.83,4924.3,4665.52,427878859,hs300
2464,2015/6/1,4862.76,5076.18,5079.32,4835.77,417503741,hs300
2465,2015/6/2,5091.27,5161.87,5162.56,5047.08,412973196,hs300
2466,2015/6/3,5176.6,5143.59,5186.97,5059.5,414258270,hs300
2467,2015/6/4,5156.01,5181.42,5194.23,4863.46,482767268,hs300
2468,2015/6/5,5254.9,5230.55,5288.34,5104.18,545961196,hs300
2469,2015/6/8,5259.41,5353.75,5370.61,5202.6,637313237,hs300
2470,2015/6/9,5379.47,5317.46,5380.43,5251.21,570427263,hs300
2471,2015/6/10,5254.3,5309.11,5374.83,5209.68,442165676,hs300
2472,2015/6/11,5305.14,5306.59,5329.29,5248.16,392338755,hs300
2473,2015/6/12,5329.28,5335.12,5351.65,5283.09,430131386,hs300
2474,2015/6/15,5354.01,5221.17,5362.45,5207.31,475745703,hs300
2475,2015/6/16,5165.02,5064.82,5204.3,5015.27,411675638,hs300
2476,2015/6/17,5072.31,5138.83,5158.37,4949.29,397124187,hs300
2477,2015/6/18,5107.69,4930.55,5121.22,4926.43,364395814,hs300
2478,2015/6/19,4847.06,4637.05,4910.45,4634.69,358104744,hs300
2479,2015/6/23,4641.42,4786.09,4786.96,4455.33,365087944,hs300
2480,2015/6/24,4811.6,4880.13,4883.73,4744.31,434638723,hs300
2481,2015/6/25,4906.24,4706.52,4919.26,4667.22,446135982,hs300
2482,2015/6/26,4573.87,4336.19,4650.19,4278.67,446639790,hs300
2483,2015/6/29,4446.84,4191.55,4451.17,4000.93,525662482,hs300
2484,2015/6/30,4161.07,4473,4475.77,4016.01,527045280,hs300
2485,2015/7/1,4408.98,4253.02,4526.13,4235.7,431721411,hs300
2486,2015/7/2,4287.73,4108,4312.19,4000.06,457062194,hs300
2487,2015/7/3,4017.2,3885.92,4164.63,3785.9,429300850,hs300
2488,2015/7/6,4218.27,3998.54,4218.27,3832.47,648094530,hs300
2489,2015/7/7,3877.85,3928,3960.64,3743.62,679385007,hs300
2490,2015/7/8,3651.06,3663.04,3762.62,3612.25,581467097,hs300
2491,2015/7/9,3621.68,3897.63,3930.26,3537.83,503870610,hs300
2492,2015/7/10,3916.27,4106.56,4179.11,3887.55,500701802,hs300
2493,2015/7/13,4132.23,4211.81,4278.16,4072.43,502092186,hs300
2494,2015/7/14,4178.63,4112.15,4258.51,4062.5,454422009,hs300
2495,2015/7/15,4068.88,3966.76,4114.24,3899.51,421956367,hs300
2496,2015/7/16,3949.64,3997.36,4067.02,3856.32,330531345,hs300
2497,2015/7/17,4023.76,4151.5,4190.19,4000.23,331107131,hs300
2498,2015/7/20,4157.06,4160.61,4221.69,4106.39,352673472,hs300
2499,2015/7/21,4109.76,4166.01,4201.48,4081.7,318374945,hs300
2500,2015/7/22,4148.56,4157.16,4187.43,4094.71,318945997,hs300
2501,2015/7/23,4158.93,4250.81,4262.06,4148.82,354471759,hs300
2502,2015/7/24,4255.2,4176.28,4299.65,4154.62,392045373,hs300
2503,2015/7/27,4097.8,3818.73,4156.31,3817.17,365054511,hs300
2504,2015/7/28,3690.97,3811.09,3883.45,3627.42,383527216,hs300
2505,2015/7/29,3839.96,3930.38,3934,3769.19,276972845,hs300
2506,2015/7/30,3915.78,3815.41,3968.53,3802.88,271548665,hs300
2507,2015/7/31,3777.16,3816.7,3863.62,3757.99,222376767,hs300
2508,2015/8/3,3766.07,3829.24,3829.24,3742.58,245805030,hs300
2509,2015/8/4,3827.37,3948.16,3948.45,3801.03,220236556,hs300
2510,2015/8/5,3937.62,3866.9,3962.28,3858.66,200484269,hs300
2511,2015/8/6,3802.93,3831.85,3888.69,3793.24,147278694,hs300
2512,2015/8/7,3866.43,3906.95,3926.65,3857.91,183349153,hs300
2513,2015/8/10,3947.47,4084.36,4101.73,3932.84,306780540,hs300
2514,2015/8/11,4083.59,4066.67,4110.13,4042,322034191,hs300
2515,2015/8/12,4025.67,4016.13,4078.03,4015.35,255146196,hs300
2516,2015/8/13,4010.01,4075.46,4075.7,3967.82,242836979,hs300
2517,2015/8/14,4097.92,4073.54,4113.16,4056.73,253392996,hs300
2518,2015/8/17,4058.11,4077.87,4081.77,4009.99,256939638,hs300
2519,2015/8/18,4084.31,3825.41,4103.05,3816.55,319881070,hs300
2520,2015/8/19,3748.27,3886.14,3898.74,3668.19,269049839,hs300
2521,2015/8/20,3848.4,3761.45,3880.82,3761.45,212167965,hs300
2522,2015/8/21,3714.29,3589.54,3757.78,3578.18,217986403,hs300
2523,2015/8/24,3454.6,3275.53,3468.15,3266.55,255436652,hs300
2524,2015/8/25,3070.01,3042.93,3200.11,3019.56,276081306,hs300
2525,2015/8/26,3062.57,3025.69,3192.93,2952.01,308270623,hs300
2526,2015/8/27,3092.81,3205.64,3206.72,3028.4,267294930,hs300
2527,2015/8/28,3246.24,3342.29,3353.24,3223.62,299498426,hs300
2528,2015/8/31,3307.4,3366.54,3368.28,3205.54,280250403,hs300
2529,2015/9/1,3296.53,3362.08,3370.5,3190.58,352458528,hs300
2530,2015/9/2,3220.85,3365.83,3387.02,3213.64,347789412,hs300
2531,2015/9/7,3347.29,3250.49,3422.23,3240.24,204224431,hs300
2532,2015/9/8,3221.79,3334.02,3340.22,3170.81,154599631,hs300
2533,2015/9/9,3344.82,3399.3,3426.65,3330.29,220467421,hs300
2534,2015/9/10,3349.28,3357.56,3398.32,3337.31,144882971,hs300
2535,2015/9/11,3349.88,3347.19,3383.13,3315.48,108547508,hs300
2536,2015/9/14,3367.64,3281.13,3373.92,3187.57,205457251,hs300
2537,2015/9/15,3208.74,3152.23,3240.08,3131.98,143555641,hs300
2538,2015/9/16,3149.16,3309.25,3345.92,3131.37,159709994,hs300
2539,2015/9/17,3287.66,3237,3354.91,3237,169401881,hs300
2540,2015/9/18,3254.44,3251.27,3280.88,3227.83,106903481,hs300
2541,2015/9/21,3222.6,3308.25,3312.55,3211.93,122788668,hs300
2542,2015/9/22,3312.37,3339.03,3371.41,3303.18,146221985,hs300
2543,2015/9/23,3290.07,3263.03,3315.94,3253.33,123171439,hs300
2544,2015/9/24,3278.9,3285,3300.86,3255.9,102011238,hs300
2545,2015/9/25,3272.67,3231.95,3290.86,3201.91,121419278,hs300
2546,2015/9/28,3226.61,3242.75,3246.55,3186.51,74219468,hs300
2547,2015/9/29,3197.22,3178.85,3208.42,3159.04,87150633,hs300
2548,2015/9/30,3195.9,3202.95,3223.91,3186.77,78559349,hs300
2549,2015/10/8,3324.98,3296.48,3337.33,3294.6,132081768,hs300
2550,2015/10/9,3302.36,3340.12,3352.38,3293.97,124352500,hs300
2551,2015/10/12,3351.14,3447.69,3486.63,3347.25,221400468,hs300
2552,2015/10/13,3422.48,3445.04,3452.04,3413.97,145433786,hs300
2553,2015/10/14,3431.14,3406.11,3458.7,3403.23,152173938,hs300
2554,2015/10/15,3403.39,3486.81,3486.81,3402.32,171158299,hs300
2555,2015/10/16,3508.52,3534.06,3537.54,3487.1,208964709,hs300
2556,2015/10/19,3548.95,3534.18,3573,3502.5,207606744,hs300
2557,2015/10/20,3527.88,3577.7,3577.8,3510.44,179025108,hs300
2558,2015/10/21,3580.84,3473.25,3601.24,3417.41,282076050,hs300
2559,2015/10/22,3453.2,3524.53,3530.77,3442.31,184305580,hs300
2560,2015/10/23,3536.84,3571.24,3581.84,3515.82,198294478,hs300
2561,2015/10/26,3614.7,3589.26,3620.76,3561.19,204248863,hs300
2562,2015/10/27,3569.45,3592.88,3601.05,3486.1,192056140,hs300
2563,2015/10/28,3575.8,3524.92,3598.17,3517.21,170977098,hs300
2564,2015/10/29,3539.98,3533.31,3561.81,3507.97,127010446,hs300
2565,2015/10/30,3530.22,3534.08,3574.47,3497.57,139141914,hs300
2566,2015/11/2,3489.23,3475.96,3543.45,3474.71,130002568,hs300
2567,2015/11/3,3484.72,3465.49,3501.7,3452.62,101401876,hs300
2568,2015/11/4,3477.16,3628.54,3628.54,3477.16,205423865,hs300
2569,2015/11/5,3630.78,3705.97,3781.41,3627.3,398046568,hs300
2570,2015/11/6,3698.34,3793.37,3801.71,3694.66,298753076,hs300
2571,2015/11/9,3796.38,3840.35,3891.77,3796.38,356804823,hs300
2572,2015/11/10,3806.67,3833.24,3876.49,3798.82,286519603,hs300
2573,2015/11/11,3828.45,3833.65,3843.11,3781.41,232234296,hs300
2574,2015/11/12,3841.74,3795.32,3843.9,3771.27,217537647,hs300
2575,2015/11/13,3756.2,3746.24,3793.71,3727.58,203489891,hs300
2576,2015/11/16,3682.74,3764.13,3764.41,3680.07,161690901,hs300
2577,2015/11/17,3790.43,3758.39,3852.77,3750.16,248533071,hs300
2578,2015/11/18,3760.46,3715.58,3771.85,3706.31,185689495,hs300
2579,2015/11/19,3725.62,3774.97,3775.23,3714.68,154631989,hs300
2580,2015/11/20,3778.88,3774.38,3793.54,3757.03,186951689,hs300
2581,2015/11/23,3774.44,3753.33,3802.85,3743.41,175626812,hs300
2582,2015/11/24,3745.76,3753.89,3754.17,3702.74,143383283,hs300
2583,2015/11/25,3747.76,3781.61,3781.86,3735.72,151944941,hs300
2584,2015/11/26,3795.25,3759.43,3805.84,3756.82,173525468,hs300
2585,2015/11/27,3739.1,3556.99,3742.74,3534.39,208939358,hs300
2586,2015/11/30,3554.89,3566.41,3587.97,3455.07,173201163,hs300
2587,2015/12/1,3562.32,3591.7,3617.3,3536.12,136536554,hs300
2588,2015/12/2,3587.76,3721.96,3725.85,3573.4,213538865,hs300
2589,2015/12/3,3709.55,3749.3,3758.45,3693.14,197762126,hs300
2590,2015/12/4,3719.73,3677.59,3726.12,3667.29,151199522,hs300
2591,2015/12/7,3681.58,3687.61,3699.34,3658.58,113883150,hs300
2592,2015/12/8,3668.84,3623.02,3668.84,3619.45,125781083,hs300
2593,2015/12/9,3613.42,3635.94,3655.16,3611.49,113325422,hs300
2594,2015/12/10,3634.37,3623.08,3678.32,3615.99,120215625,hs300
2595,2015/12/11,3605.37,3608.06,3630.74,3578.15,110322481,hs300
2596,2015/12/14,3573.88,3711.32,3712.5,3571,151769119,hs300
2597,2015/12/15,3707.73,3694.39,3717.36,3679.23,126481710,hs300
2598,2015/12/16,3703.95,3685.44,3713.09,3677.45,111342723,hs300
2599,2015/12/17,3712.78,3755.89,3768.84,3709.85,177924075,hs300
2600,2015/12/18,3754.96,3767.91,3810.22,3750.93,173465980,hs300
2601,2015/12/21,3762.1,3865.97,3877.82,3759.99,217435275,hs300
2602,2015/12/22,3872.1,3876.73,3880.47,3841.59,180303661,hs300
2603,2015/12/23,3877.87,3866.38,3926.69,3862.97,207017147,hs300
2604,2015/12/24,3858.14,3829.4,3867.68,3787.08,147181397,hs300
2605,2015/12/25,3832.08,3838.2,3848.02,3813.2,119624013,hs300
2606,2015/12/28,3847.53,3727.63,3853.39,3727.63,153988440,hs300
2607,2015/12/29,3723.05,3761.87,3762.05,3710.48,101885555,hs300
2608,2015/12/30,3762.91,3765.18,3765.66,3726.28,105629955,hs300
2609,2015/12/31,3760.9,3731,3772.62,3727.32,101873556,hs300
2610,2016/1/4,3725.86,3470.41,3726.24,3469.01,115370674,hs300
2611,2016/1/5,3382.18,3478.78,3518.22,3377.28,162116984,hs300
2612,2016/1/6,3482.41,3539.81,3543.74,3468.47,145966144,hs300
2613,2016/1/7,3481.15,3294.38,3481.15,3284.74,44102641,hs300
2614,2016/1/8,3371.87,3361.56,3418.85,3237.93,185959451,hs300
2615,2016/1/11,3303.12,3192.45,3342.48,3192.45,174638387,hs300
2616,2016/1/12,3214.82,3215.71,3242.25,3174.55,128225796,hs300
2617,2016/1/13,3240.48,3155.88,3257.3,3155.88,120666494,hs300
2618,2016/1/14,3076.64,3221.57,3226.66,3072.04,134537671,hs300
2619,2016/1/15,3200.89,3118.73,3216.8,3101.05,124601779,hs300
2620,2016/1/18,3068.23,3130.73,3165.62,3066.73,101128386,hs300
2621,2016/1/19,3132.7,3223.12,3227.91,3119.22,127653893,hs300
2622,2016/1/20,3204.22,3174.38,3225.95,3154.43,130650504,hs300
2623,2016/1/21,3136.38,3081.35,3202.54,3081.35,111189733,hs300
2624,2016/1/22,3114.9,3113.46,3132.17,3053.96,89951087,hs300
2625,2016/1/25,3129.03,3128.89,3149.33,3105.1,81540061,hs300
2626,2016/1/26,3099.6,2940.51,3106.53,2934.65,126933921,hs300
2627,2016/1/27,2953.18,2930.35,2963.54,2839.29,132229366,hs300
2628,2016/1/28,2909.33,2853.76,2941.89,2841.84,99222756,hs300
2629,2016/1/29,2855.6,2946.09,2965.31,2854.37,113304259,hs300
2630,2016/2/1,2939.04,2901.05,2944.52,2869.56,86795342,hs300
2631,2016/2/2,2901.53,2961.33,2972.43,2901.51,88601963,hs300
2632,2016/2/3,2931.29,2948.64,2954.71,2909.9,77389000,hs300
2633,2016/2/4,2960.33,2984.76,2999.21,2960.21,91779724,hs300
2634,2016/2/5,2982.06,2963.79,2988.36,2962.85,76850808,hs300
2635,2016/2/15,2888.43,2946.71,2961.49,2886.02,72919434,hs300
2636,2016/2/16,2962.19,3037.04,3042.09,2962.19,112579643,hs300
2637,2016/2/17,3034.09,3063.32,3065.78,3027.05,128291607,hs300
2638,2016/2/18,3079.53,3053.7,3093.51,3049.84,124401464,hs300
2639,2016/2/19,3047.94,3051.58,3065.97,3032.63,87338012,hs300
2640,2016/2/22,3083.93,3118.87,3128.21,3071.33,140946968,hs300
2641,2016/2/23,3117.2,3089.36,3119.22,3061.43,112567391,hs300
2642,2016/2/24,3077.61,3109.55,3109.55,3055.25,111782650,hs300
2643,2016/2/25,3104.41,2918.75,3104.44,2905.46,157829752,hs300
2644,2016/2/26,2942.1,2948.03,2964.39,2902.95,106949729,hs300
2645,2016/2/29,2939.58,2877.47,2939.87,2821.21,129341020,hs300
2646,2016/3/1,2881.34,2930.69,2950.44,2863.32,116045918,hs300
2647,2016/3/2,2933.92,3051.33,3054.72,2933.12,175972347,hs300
2648,2016/3/3,3050.39,3058.42,3078.44,3040.25,173105744,hs300
2649,2016/3/4,3047.54,3093.89,3101.66,3032.42,219172534,hs300
2650,2016/3/7,3109,3104.84,3130.9,3083.58,132462037,hs300
2651,2016/3/8,3100.15,3107.67,3109.25,3001.83,136235742,hs300
2652,2016/3/9,3045.92,3071.91,3072.92,3020.13,111466245,hs300
2653,2016/3/10,3056.21,3013.15,3074.16,3012.69,76072197,hs300
2654,2016/3/11,2990.21,3018.28,3026.44,2982.17,73333564,hs300
2655,2016/3/14,3039.57,3065.69,3106.8,3034,117108655,hs300
2656,2016/3/15,3061.34,3074.78,3077.08,3028.58,98311941,hs300
2657,2016/3/16,3068.87,3090.03,3100.35,3064.52,124736448,hs300
2658,2016/3/17,3096.81,3124.2,3147.84,3077.57,121661777,hs300
2659,2016/3/18,3136.22,3171.96,3197.67,3130.1,197302564,hs300
2660,2016/3/21,3203.29,3249.44,3267.78,3198.36,233269464,hs300
2661,2016/3/22,3231.61,3225.79,3249.68,3218.73,161020897,hs300
2662,2016/3/23,3217.73,3236.09,3242.25,3202.98,125679286,hs300
2663,2016/3/24,3211.5,3181.85,3221.91,3181.81,133131122,hs300
2664,2016/3/25,3176.81,3197.82,3204.44,3174.32,97395330,hs300
2665,2016/3/28,3206.95,3169.73,3229.62,3161.88,103441933,hs300
2666,2016/3/29,3171.31,3135.41,3178.07,3122.76,97294747,hs300
2667,2016/3/30,3161.29,3216.28,3216.68,3161.29,117802512,hs300
2668,2016/3/31,3229.2,3218.09,3241.93,3208.66,121552074,hs300
2669,2016/4/1,3213.67,3221.89,3222.61,3165.86,118122139,hs300
2670,2016/4/5,3211.3,3264.49,3271.93,3205.21,146047772,hs300
2671,2016/4/6,3250.52,3257.53,3267.64,3236.2,120196305,hs300
2672,2016/4/7,3266.29,3209.29,3270.82,3208.64,112409467,hs300
2673,2016/4/8,3189.85,3185.73,3197.77,3163.3,101005625,hs300
2674,2016/4/11,3213.51,3230.1,3251.57,3213.51,125212709,hs300
2675,2016/4/12,3227.37,3218.45,3232.26,3198.9,92869437,hs300
2676,2016/4/13,3237.86,3261.38,3296.52,3237.86,195613866,hs300
2677,2016/4/14,3277.1,3275.83,3286.07,3252.05,113157327,hs300
2678,2016/4/15,3279.86,3272.21,3282.98,3261.73,99807529,hs300
2679,2016/4/18,3252.67,3228.45,3252.67,3221.66,97090069,hs300
2680,2016/4/19,3243.97,3238.3,3250.73,3221.58,80871440,hs300
2681,2016/4/20,3244.14,3181.03,3248.42,3107.37,162207858,hs300
2682,2016/4/21,3160.8,3160.6,3198.56,3150.94,104752651,hs300
2683,2016/4/22,3142.56,3174.9,3175.38,3137.99,77078492,hs300
2684,2016/4/25,3164.74,3162.03,3172.27,3137.11,67519351,hs300
2685,2016/4/26,3159.77,3179.16,3181.1,3150.4,59020734,hs300
2686,2016/4/27,3181.93,3165.92,3188.83,3162.69,60004147,hs300
2687,2016/4/28,3169.33,3160.58,3174.77,3135.64,69870660,hs300
2688,2016/4/29,3153.54,3156.75,3171.29,3149.4,58029776,hs300
2689,2016/5/3,3159.82,3213.54,3218.49,3151.4,98164835,hs300
2690,2016/5/4,3203.47,3209.46,3222.88,3198.29,90862408,hs300
2691,2016/5/5,3204.17,3213.92,3217.28,3196.57,74733681,hs300
2692,2016/5/6,3213.14,3130.35,3216.89,3130.15,108680240,hs300
2693,2016/5/9,3115.43,3065.62,3115.43,3055.01,99230477,hs300
2694,2016/5/10,3055.21,3069.11,3084.72,3055.18,68849935,hs300
2695,2016/5/11,3080.64,3082.81,3102.88,3063.09,81794258,hs300
2696,2016/5/12,3059.38,3090.14,3095.35,3035.02,78765726,hs300
2697,2016/5/13,3081.68,3074.94,3103.1,3064.69,62629755,hs300
2698,2016/5/16,3064.53,3095.31,3095.56,3053.66,59461856,hs300
2699,2016/5/17,3095.52,3086.02,3105.2,3073.46,65278125,hs300
2700,2016/5/18,3071.53,3068.04,3072.61,3039.46,82715369,hs300
2701,2016/5/19,3060.34,3062.5,3086.98,3058.15,60444166,hs300
2702,2016/5/20,3047.78,3078.22,3078.53,3041.52,56080842,hs300
2703,2016/5/23,3078.51,3087.22,3098.48,3076.5,59697216,hs300
2704,2016/5/24,3083.24,3063.56,3083.26,3052.59,58734385,hs300
2705,2016/5/25,3079.75,3059.23,3089.1,3054.87,56652803,hs300
2706,2016/5/26,3056.6,3064.21,3072.52,3027.44,60392981,hs300
2707,2016/5/27,3059.73,3062.5,3073.76,3052.18,60468750,hs300
2708,2016/5/30,3056.31,3066.71,3075.26,3037.66,63098579,hs300
2709,2016/5/31,3068.6,3169.56,3170.93,3068.6,138863111,hs300
2710,2016/6/1,3172.96,3160.55,3181.79,3159.82,113148482,hs300
2711,2016/6/2,3158.03,3167.1,3168.82,3151.07,86003427,hs300
2712,2016/6/3,3172.95,3189.33,3201.75,3162.09,101491783,hs300
2713,2016/6/6,3192.78,3178.79,3197.22,3168.55,76693751,hs300
2714,2016/6/7,3182.44,3177.05,3186.62,3168.18,68928314,hs300
2715,2016/6/8,3171.81,3163.99,3174.97,3148.35,76291775,hs300
2716,2016/6/13,3134.05,3066.34,3145.61,3065.77,92975947,hs300
2717,2016/6/14,3058.44,3075.98,3078.75,3055.66,66279457,hs300
2718,2016/6/15,3043.96,3116.37,3128.67,3042.23,87393257,hs300
2719,2016/6/16,3104.36,3094.67,3112.48,3089.48,82974703,hs300
2720,2016/6/17,3096.09,3110.36,3131.05,3096.09,85402985,hs300
2721,2016/6/20,3114.91,3112.67,3118.73,3089.71,63587141,hs300
2722,2016/6/21,3124.9,3106.32,3155.49,3097.94,87965345,hs300
2723,2016/6/22,3100.45,3133.96,3134.06,3096.99,66487113,hs300
2724,2016/6/23,3129.72,3117.32,3129.72,3102.48,67751738,hs300
2725,2016/6/24,3110.65,3077.16,3130.54,3033.97,104792208,hs300
2726,2016/6/27,3065.13,3120.54,3120.64,3064.97,83267259,hs300
2727,2016/6/28,3107.4,3136.4,3139.43,3099.7,92024637,hs300
2728,2016/6/29,3142.48,3151.39,3158.08,3139.13,103723668,hs300
2729,2016/6/30,3152.83,3153.92,3163.72,3148.2,79692617,hs300
2730,2016/7/1,3156.93,3154.2,3170.26,3148.29,71746283,hs300
2731,2016/7/4,3136.39,3204.7,3210.6,3134.02,133310529,hs300
2732,2016/7/5,3199.16,3207.38,3216.7,3198,130226895,hs300
2733,2016/7/6,3197.62,3216.8,3217.52,3183.45,124897458,hs300
2734,2016/7/7,3206.55,3209.95,3220.54,3190.12,118595202,hs300
2735,2016/7/8,3199.75,3192.28,3204.93,3183.96,89734855,hs300
2736,2016/7/11,3199.04,3203.33,3235.96,3197.63,138529511,hs300
2737,2016/7/12,3201.91,3273.18,3273.47,3200.3,172534217,hs300
2738,2016/7/13,3274.02,3282.87,3300.99,3271.78,175196090,hs300
2739,2016/7/14,3277.48,3276.76,3281.95,3259.07,107525798,hs300
2740,2016/7/15,3278.84,3276.28,3285.03,3265.29,102665026,hs300
2741,2016/7/18,3269.71,3262.02,3281.64,3251.77,110312518,hs300
2742,2016/7/19,3260.43,3248.23,3264.73,3226.2,88886861,hs300
2743,2016/7/20,3246.86,3237.6,3254.51,3232.26,72701255,hs300
2744,2016/7/21,3238.34,3252.52,3271.37,3238.3,86004825,hs300
2745,2016/7/22,3251.24,3225.16,3253.77,3220.89,86029128,hs300
2746,2016/7/25,3220.17,3230.89,3243.79,3218.14,70203185,hs300
2747,2016/7/26,3228.23,3269.59,3269.75,3228.01,81051089,hs300
2748,2016/7/27,3270.08,3218.24,3276.51,3157.41,160188665,hs300
2749,2016/7/28,3204.46,3221.14,3235.78,3195.27,112779964,hs300
2750,2016/7/29,3217.19,3203.93,3225.42,3198.68,88044837,hs300
2751,2016/8/1,3196.43,3176.81,3199.98,3156.75,87003497,hs300
2752,2016/8/2,3173.76,3189.05,3189.05,3165.54,62167639,hs300
2753,2016/8/3,3179.68,3193.51,3197.16,3173.54,72864102,hs300
2754,2016/8/4,3190.55,3201.29,3201.55,3170.42,73504373,hs300
2755,2016/8/5,3201.35,3205.11,3224.87,3192.86,77196366,hs300
2756,2016/8/8,3199.57,3234.18,3234.48,3187.25,86676051,hs300
2757,2016/8/9,3232.6,3256.98,3257.33,3229.17,91065259,hs300
2758,2016/8/10,3255.18,3243.34,3261.86,3242.75,90430372,hs300
2759,2016/8/11,3239.56,3233.36,3274.03,3232.61,101041213,hs300
2760,2016/8/12,3231.81,3294.23,3294.23,3231.14,116254044,hs300
2761,2016/8/15,3303.47,3393.42,3417.91,3302.38,220543421,hs300
2762,2016/8/16,3403.38,3378.25,3418.69,3372.02,196389740,hs300
2763,2016/8/17,3377.77,3373.05,3394.39,3356.92,138847688,hs300
2764,2016/8/18,3369.95,3364.49,3394.79,3349.69,142380169,hs300
2765,2016/8/19,3358.55,3365.02,3374.04,3341.19,119961508,hs300
2766,2016/8/22,3364.68,3336.79,3372.83,3335.47,107951008,hs300
2767,2016/8/23,3332.62,3341.83,3359.65,3324.96,92924516,hs300
2768,2016/8/24,3341.93,3329.86,3348.13,3323.73,81191429,hs300
2769,2016/8/25,3314.08,3308.97,3315.08,3279.81,100589153,hs300
2770,2016/8/26,3312.5,3307.09,3328.95,3301.74,81530691,hs300
2771,2016/8/29,3306.57,3307.78,3315.08,3297.07,77036333,hs300
2772,2016/8/30,3310.32,3311.99,3325.12,3304.6,75725987,hs300
2773,2016/8/31,3310.57,3327.79,3333.97,3304.66,79570805,hs300
2774,2016/9/1,3326.74,3301.58,3329.35,3301.21,84947219,hs300
2775,2016/9/2,3298.72,3314.11,3320.43,3295.76,82791803,hs300
2776,2016/9/5,3321.01,3319.68,3338.42,3314.63,78292477,hs300
2777,2016/9/6,3322.02,3342.63,3347.95,3300.13,98283998,hs300
2778,2016/9/7,3344.07,3340.82,3357.36,3337.75,102940106,hs300
2779,2016/9/8,3338.01,3339.56,3343.4,3328.23,71916158,hs300
2780,2016/9/9,3339.37,3318.04,3344.95,3318.04,82657036,hs300
2781,2016/9/12,3271.87,3262.6,3276.72,3234.57,122917682,hs300
2782,2016/9/13,3265.34,3260.33,3269.22,3246.39,67180288,hs300
2783,2016/9/14,3245.74,3238.73,3255,3231.34,70432697,hs300
2784,2016/9/19,3242.74,3263.12,3264.9,3242.74,58831082,hs300
2785,2016/9/20,3264.66,3257.4,3265.04,3252.39,52784206,hs300
2786,2016/9/21,3257.71,3266.64,3270.9,3254.32,59142979,hs300
2787,2016/9/22,3281.47,3291.12,3303.2,3277.98,75753542,hs300
2788,2016/9/23,3292.28,3275.67,3293.92,3275.02,57993986,hs300
2789,2016/9/26,3267.69,3220.28,3267.69,3220.28,70452186,hs300
2790,2016/9/27,3214.87,3240.75,3240.78,3214.44,58460550,hs300
2791,2016/9/28,3243.65,3230.89,3243.65,3228,44727498,hs300
2792,2016/9/29,3234.86,3244.39,3257.77,3234.8,55452556,hs300
2793,2016/9/30,3240.18,3253.28,3260.94,3239.04,44978022,hs300
2794,2016/10/10,3265.36,3293.87,3294.64,3258.96,80519260,hs300
2795,2016/10/11,3296.87,3306.56,3308,3292.88,87713163,hs300
2796,2016/10/12,3299.14,3300.01,3302.56,3289.75,68669781,hs300
2797,2016/10/13,3299.16,3302.65,3307.41,3292.4,81224198,hs300
2798,2016/10/14,3298.73,3305.85,3306.69,3285.73,82316271,hs300
2799,2016/10/17,3305.96,3277.88,3309.01,3271.54,86113509,hs300
2800,2016/10/18,3272.68,3321.33,3321.33,3272.68,102860714,hs300
2801,2016/10/19,3323.3,3316.24,3332.52,3309.83,101167725,hs300
2802,2016/10/20,3317.18,3318.6,3324.9,3312.17,79238871,hs300
2803,2016/10/21,3315.72,3327.74,3341.56,3309.18,109785176,hs300
2804,2016/10/24,3332.51,3367.58,3382.83,3330.97,153014345,hs300
2805,2016/10/25,3367.48,3367.45,3373.91,3356.59,111191693,hs300
2806,2016/10/26,3365.2,3354.8,3367.83,3349.57,98024786,hs300
2807,2016/10/27,3351.46,3345.7,3352.35,3335.13,77629851,hs300
2808,2016/10/28,3347.14,3340.13,3370.75,3337.29,93133309,hs300
2809,2016/10/31,3332.41,3336.28,3340.47,3317.33,71352863,hs300
2810,2016/11/1,3338.71,3359.05,3359.39,3334.46,74938199,hs300
2811,2016/11/2,3350.71,3333.35,3356.4,3331.38,91197104,hs300
2812,2016/11/3,3326.9,3365.08,3379.99,3324.84,126223504,hs300
2813,2016/11/4,3362.21,3354.17,3377.64,3348.43,104069655,hs300
2814,2016/11/7,3353.44,3356.59,3362.74,3342.31,99877988,hs300
2815,2016/11/8,3367.7,3371.12,3383.92,3361.13,103148282,hs300
2816,2016/11/9,3370.6,3353.05,3373.1,3322.08,139110059,hs300
2817,2016/11/10,3374.91,3390.61,3403.02,3374.91,134705535,hs300
2818,2016/11/11,3387.95,3417.22,3422.67,3382.89,198781496,hs300
2819,2016/11/14,3409.22,3430.25,3452.62,3408.14,213247105,hs300
2820,2016/11/15,3428.87,3429.87,3434.92,3415.99,134566320,hs300
2821,2016/11/16,3432.43,3429.59,3435.64,3419.24,129808511,hs300
2822,2016/11/17,3423.47,3436.53,3437.67,3412.88,121561731,hs300
2823,2016/11/18,3437.49,3417.46,3443.12,3413.27,115951205,hs300
2824,2016/11/21,3412.65,3441.11,3463.14,3412.08,146434529,hs300
2825,2016/11/22,3443.22,3468.36,3469.22,3443.22,168523446,hs300
2826,2016/11/23,3473.9,3474.73,3492.96,3465.76,162388504,hs300
2827,2016/11/24,3468.81,3488.74,3508.16,3467.01,145746301,hs300
2828,2016/11/25,3490.04,3521.3,3521.3,3463.95,153621506,hs300
2829,2016/11/28,3538.68,3535.08,3553.36,3528.32,207375483,hs300
2830,2016/11/29,3525.9,3564.04,3583.72,3521.38,236918356,hs300
2831,2016/11/30,3557.64,3538,3567.07,3527.02,178560178,hs300
2832,2016/12/1,3543.96,3565.04,3575.97,3543.25,180170761,hs300
2833,2016/12/2,3559.77,3528.95,3562.55,3516.79,196355480,hs300
2834,2016/12/5,3473.69,3469.41,3496.88,3457.34,180852355,hs300
2835,2016/12/6,3466.24,3459.15,3477.59,3456.81,115529090,hs300
2836,2016/12/7,3458.37,3475.75,3475.75,3445.76,114345103,hs300
2837,2016/12/8,3481.81,3470.14,3484.34,3466.51,117383922,hs300
2838,2016/12/9,3464.87,3493.7,3507.93,3461.76,150303308,hs300
2839,2016/12/12,3489.27,3409.18,3495.8,3400.79,187467751,hs300
2840,2016/12/13,3394.21,3405.04,3416.21,3370.6,121105097,hs300
2841,2016/12/14,3399.41,3378.95,3412.28,3378.27,124007744,hs300
2842,2016/12/15,3363.86,3340.43,3378.04,3327.14,114960660,hs300
2843,2016/12/16,3335.36,3346.03,3356.29,3330.49,90775422,hs300
2844,2016/12/19,3342.34,3328.98,3344.86,3325,81640678,hs300
2845,2016/12/20,3328.3,3309.06,3329.1,3289.27,87569592,hs300
2846,2016/12/21,3313.75,3338.54,3342.48,3313.75,108254995,hs300
2847,2016/12/22,3335.12,3335.67,3340.36,3322.72,92277249,hs300
2848,2016/12/23,3333.4,3307.6,3334.89,3300.88,97444713,hs300
2849,2016/12/26,3293.22,3322.4,3322.42,3267.05,89793982,hs300
2850,2016/12/27,3319.21,3316.39,3330.23,3315.83,75486359,hs300
2851,2016/12/28,3315.75,3301.89,3320.55,3293.17,69000437,hs300
2852,2016/12/29,3297.04,3297.76,3312.11,3288.1,70087923,hs300
2853,2016/12/30,3302.6,3310.08,3313.55,3295.75,71744116,hs300
2854,2017/1/3,3313.95,3342.23,3345.26,3313.95,86567896,hs300
2855,2017/1/4,3340.56,3368.31,3369.57,3338.15,90050827,hs300
2856,2017/1/5,3368.34,3367.79,3373.41,3361.46,88336357,hs300
2857,2017/1/6,3366.85,3347.67,3368.87,3346.89,87459114,hs300
2858,2017/1/9,3345.75,3363.9,3366.22,3344.35,83707942,hs300
2859,2017/1/10,3361.64,3358.27,3370.51,3354.09,83819160,hs300
2860,2017/1/11,3355.8,3334.5,3366.63,3334.3,91071438,hs300
2861,2017/1/12,3332.69,3317.62,3343.13,3315.96,81239135,hs300
2862,2017/1/13,3317.96,3319.91,3338.17,3309.37,84180589,hs300
2863,2017/1/16,3314.15,3319.45,3322.78,3264.21,157779135,hs300
2864,2017/1/17,3305.6,3326.36,3327.38,3292.2,69453328,hs300
2865,2017/1/18,3323.34,3339.37,3350.96,3320.41,70623227,hs300
2866,2017/1/19,3330.95,3329.29,3346.5,3324.68,66159808,hs300
2867,2017/1/20,3326.98,3354.89,3358.41,3326.37,65300462,hs300
2868,2017/1/23,3359.05,3364.08,3378.74,3355.85,75557498,hs300
2869,2017/1/24,3363.14,3364.45,3371.32,3355.9,66194226,hs300
2870,2017/1/25,3361.66,3375.9,3376.44,3357.22,58376931,hs300
2871,2017/1/26,3378.26,3387.96,3395.88,3378.26,65316647,hs300
2872,2017/2/3,3390.93,3364.49,3392.48,3362.57,55188861,hs300
2873,2017/2/6,3368.11,3373.21,3381.33,3358.75,68521360,hs300
2874,2017/2/7,3371.77,3365.68,3376.71,3354.62,63754462,hs300
2875,2017/2/8,3361.78,3383.29,3383.69,3347.43,75402879,hs300
2876,2017/2/9,3381.9,3396.29,3406.59,3379.79,97558515,hs300
2877,2017/2/10,3398.32,3413.49,3422.33,3398.03,123768720,hs300
2878,2017/2/13,3416.92,3436.27,3439.54,3416.87,120144538,hs300
2879,2017/2/14,3438.51,3435.8,3440.67,3424.4,94809465,hs300
2880,2017/2/15,3435.39,3421.71,3448.03,3417.08,127643338,hs300
2881,2017/2/16,3421.83,3440.93,3440.93,3418.35,108276962,hs300
2882,2017/2/17,3443.62,3421.44,3457.56,3419.61,114600036,hs300
2883,2017/2/20,3421.64,3471.39,3472.6,3421.64,132628862,hs300
2884,2017/2/21,3475.06,3482.82,3490.09,3472.02,114842009,hs300
2885,2017/2/22,3483.2,3489.76,3489.95,3473.52,102815994,hs300
2886,2017/2/23,3487.57,3473.32,3492.96,3460.12,99536330,hs300
2887,2017/2/24,3468.96,3473.85,3473.85,3455.25,95535133,hs300
2888,2017/2/27,3471.13,3446.22,3472.84,3441.39,98672160,hs300
2889,2017/2/28,3445.03,3452.81,3460.91,3441.36,75215260,hs300
2890,2017/3/1,3452.21,3458.44,3472.7,3449.11,103260354,hs300
2891,2017/3/2,3463.48,3435.1,3468.47,3434,89898077,hs300
2892,2017/3/3,3424.66,3427.86,3428.88,3412.83,80994652,hs300
2893,2017/3/6,3427.25,3446.48,3449.03,3425.9,83070882,hs300
2894,2017/3/7,3446.16,3453.96,3454.04,3440.06,80334720,hs300
2895,2017/3/8,3452.2,3448.73,3457.04,3441.26,79587690,hs300
2896,2017/3/9,3442.9,3426.94,3443.05,3414.68,84570381,hs300
2897,2017/3/10,3423.98,3427.89,3436.24,3423.94,70016199,hs300
2898,2017/3/13,3425.67,3458.1,3458.1,3412.69,91684124,hs300
2899,2017/3/14,3456.66,3456.69,3465.39,3448.9,77077963,hs300
2900,2017/3/15,3452.21,3463.64,3463.92,3445.27,79104954,hs300
2901,2017/3/16,3472.27,3481.51,3492.13,3472.27,106333913,hs300
2902,2017/3/17,3485.31,3445.81,3488.5,3441.47,103755560,hs300
2903,2017/3/20,3449.05,3449.61,3454.06,3429.83,88734322,hs300
2904,2017/3/21,3449.77,3466.35,3466.7,3445.64,87707855,hs300
2905,2017/3/22,3450.75,3450.05,3464.33,3433.5,104935894,hs300
2906,2017/3/23,3452.41,3461.98,3470.82,3435.69,94318062,hs300
2907,2017/3/24,3464.2,3489.6,3499.32,3461.11,125645833,hs300
2908,2017/3/27,3488.76,3478.04,3505.98,3474.52,107015377,hs300
2909,2017/3/28,3480.25,3469.81,3482.29,3461.47,84194820,hs300
2910,2017/3/29,3472.97,3465.19,3483.06,3455.55,104851706,hs300
2911,2017/3/30,3461.62,3436.76,3467.3,3422.37,116376922,hs300
2912,2017/3/31,3434.82,3456.05,3456.31,3430.82,91577491,hs300
2913,2017/4/5,3476.42,3503.89,3504.54,3475.15,143399017,hs300
2914,2017/4/6,3507.99,3514.05,3517.78,3495.72,136767004,hs300
2915,2017/4/7,3514.45,3517.46,3526.81,3506.39,140293204,hs300
2916,2017/4/10,3519.46,3505.14,3522.8,3502.08,141887380,hs300
2917,2017/4/11,3503.83,3517.33,3520.13,3466.14,165945832,hs300
2918,2017/4/12,3514.57,3509.44,3523.1,3498,181824537,hs300
2919,2017/4/13,3500.28,3514.57,3518.44,3496.57,129981813,hs300
2920,2017/4/14,3516.81,3486.5,3517.47,3476.95,135474078,hs300
2921,2017/4/17,3475.74,3479.94,3480.57,3453.68,117164961,hs300
2922,2017/4/18,3474.89,3462.74,3489.08,3462.63,110927823,hs300
2923,2017/4/19,3452.99,3445.88,3459.35,3418.51,121349264,hs300
2924,2017/4/20,3444.52,3461.55,3465.61,3440.72,114184208,hs300
2925,2017/4/21,3461.39,3466.79,3475.56,3449.54,104419110,hs300
2926,2017/4/24,3458.23,3431.26,3458.23,3403.98,114660791,hs300
2927,2017/4/25,3427.73,3440.97,3449.67,3422.65,94072148,hs300
2928,2017/4/26,3440.25,3445.18,3466.57,3439.15,111940029,hs300
2929,2017/4/27,3435.1,3446.72,3449.27,3399.54,123298425,hs300
2930,2017/4/28,3439.57,3439.75,3439.9,3417.24,101632351,hs300
2931,2017/5/2,3427.92,3426.58,3436.31,3418.67,92797462,hs300
2932,2017/5/3,3421.76,3413.13,3432.22,3403.08,91669624,hs300
2933,2017/5/4,3404.94,3404.39,3421.4,3391.28,103482075,hs300
2934,2017/5/5,3393.48,3382.55,3395.45,3366.56,109895333,hs300
2935,2017/5/8,3369.11,3358.81,3374.16,3339.57,123749287,hs300
2936,2017/5/9,3342.6,3352.53,3358.05,3327.59,76771668,hs300
2937,2017/5/10,3350.65,3337.7,3369.43,3336,92082628,hs300
2938,2017/5/11,3322.95,3356.65,3359.6,3312.89,109252890,hs300
2939,2017/5/12,3350.94,3385.38,3387.27,3349.17,93386466,hs300
2940,2017/5/15,3391.59,3399.19,3406.58,3391.59,82977611,hs300
2941,2017/5/16,3390.93,3428.65,3428.85,3373.55,105242416,hs300
2942,2017/5/17,3423.19,3409.97,3433.97,3408.15,99736837,hs300
2943,2017/5/18,3387.67,3398.11,3409.93,3383.94,85759589,hs300
2944,2017/5/19,3395.23,3403.85,3405.94,3392.38,71473525,hs300
2945,2017/5/22,3400.59,3411.24,3424.18,3391.17,92539559,hs300
2946,2017/5/23,3405.03,3424.19,3434.77,3401.53,116911033,hs300
2947,2017/5/24,3409.72,3424.17,3424.17,3383.89,83553161,hs300
2948,2017/5/25,3414.4,3485.66,3490.42,3413.22,130721631,hs300
2949,2017/5/26,3479.62,3480.43,3498.31,3473.04,103241153,hs300
2950,2017/5/31,3495.07,3492.88,3515.08,3474.92,104829744,hs300
2951,2017/6/1,3485.22,3497.74,3499.81,3476.43,103127724,hs300
2952,2017/6/2,3491.59,3486.51,3498.12,3470.2,82668010,hs300
2953,2017/6/5,3480.17,3468.75,3484.12,3462.31,79738152,hs300
2954,2017/6/6,3464.38,3492.88,3492.88,3460.45,64089388,hs300
2955,2017/6/7,3493.88,3533.87,3537.09,3491.13,104419968,hs300
2956,2017/6/8,3531.24,3560.98,3562.27,3528.18,90224905,hs300
2957,2017/6/9,3561.24,3576.17,3590.89,3560.63,101188265,hs300
2958,2017/6/12,3570.22,3574.39,3603.69,3565.9,90381167,hs300
2959,2017/6/13,3569.16,3582.27,3584.41,3559.21,75177138,hs300
2960,2017/6/14,3571.25,3535.3,3571.25,3530.27,83810783,hs300
2961,2017/6/15,3530.75,3528.79,3542.28,3508.95,82632535,hs300
2962,2017/6/16,3522.97,3518.76,3536.14,3514.39,76452707,hs300
2963,2017/6/19,3520.06,3553.67,3554.91,3520.06,79797141,hs300
2964,2017/6/20,3560.79,3546.49,3563.7,3539.51,80509559,hs300
2965,2017/6/21,3567.13,3587.96,3587.99,3545.57,87859824,hs300
2966,2017/6/22,3583.56,3590.34,3635.53,3581.34,135526987,hs300
2967,2017/6/23,3583.44,3622.88,3623.24,3569.32,105129134,hs300
2968,2017/6/26,3627.02,3668.09,3671.94,3627.02,134637995,hs300
2969,2017/6/27,3665.58,3674.72,3676.53,3648.76,97558702,hs300
2970,2017/6/28,3664.16,3646.17,3672.19,3644.03,97920858,hs300
2971,2017/6/29,3649.25,3668.83,3669.13,3644.73,85589498,hs300
2972,2017/6/30,3654.73,3666.8,3669.76,3646.23,81510028,hs300
2973,2017/7/3,3667.23,3650.85,3667.6,3633.78,88820860,hs300
2974,2017/7/4,3646.83,3619.98,3646.85,3611.69,95071413,hs300
2975,2017/7/5,3611.9,3659.68,3660.73,3610.46,88232425,hs300
2976,2017/7/6,3654.56,3660.1,3666.77,3629.56,102379245,hs300
2977,2017/7/7,3647.64,3655.93,3657.11,3631.87,103735497,hs300
2978,2017/7/10,3647.94,3653.69,3667.85,3641.53,120591910,hs300
2979,2017/7/11,3646.88,3670.81,3701.21,3645.99,118760826,hs300
2980,2017/7/12,3672.63,3658.82,3691.58,3640.59,122287792,hs300
2981,2017/7/13,3656.35,3686.92,3690.48,3652.57,125669549,hs300
2982,2017/7/14,3682.62,3703.09,3703.09,3672.74,105514005,hs300
2983,2017/7/17,3700.62,3663.56,3716.47,3621.37,178821600,hs300
2984,2017/7/18,3648.49,3667.18,3667.54,3622.04,124622056,hs300
2985,2017/7/19,3660.87,3729.75,3731.05,3658.2,182477787,hs300
2986,2017/7/20,3725.14,3747.88,3750.19,3723.07,142410039,hs300
2987,2017/7/21,3738.18,3728.6,3751.69,3722.07,117941226,hs300
2988,2017/7/24,3724.38,3743.47,3755.19,3719.85,134868722,hs300
2989,2017/7/25,3742.64,3719.56,3752.16,3713.28,121672059,hs300
2990,2017/7/26,3722.88,3705.39,3738.53,3684.18,136325210,hs300
2991,2017/7/27,3700.86,3712.19,3716.69,3672.5,145002904,hs300
2992,2017/7/28,3703.49,3721.89,3725.54,3696.78,111411392,hs300
2993,2017/7/31,3722.43,3737.87,3746.52,3713.66,148429039,hs300
2994,2017/8/1,3738.74,3770.38,3770.4,3737.1,152546539,hs300
2995,2017/8/2,3768.19,3760.85,3784.35,3759.28,172293383,hs300
2996,2017/8/3,3755.11,3727.83,3766.35,3718.44,146153944,hs300
2997,2017/8/4,3724.72,3707.58,3738.73,3707,157470060,hs300
2998,2017/8/7,3701.22,3726.79,3730.78,3689.96,124231530,hs300
2999,2017/8/8,3724.33,3732.21,3737.33,3718.81,137241928,hs300
3000,2017/8/9,3728.03,3731.04,3739,3713.57,124679989,hs300
3001,2017/8/10,3724.96,3715.92,3746.86,3688.18,130085128,hs300
3002,2017/8/11,3687.93,3647.35,3700.49,3645.09,150387421,hs300
3003,2017/8/14,3651.38,3694.68,3698.37,3651.38,115308451,hs300
3004,2017/8/15,3695.78,3706.06,3719.29,3692.28,106444857,hs300
3005,2017/8/16,3701.13,3701.42,3707.14,3679.73,104134141,hs300
3006,2017/8/17,3707.07,3721.28,3722.62,3704.41,108656251,hs300
3007,2017/8/18,3707.19,3724.67,3733.49,3700.41,96561705,hs300
3008,2017/8/21,3731.84,3740.99,3744.26,3728.62,100313073,hs300
3009,2017/8/22,3745.75,3752.3,3758.29,3734.56,100292856,hs300
3010,2017/8/23,3747.61,3756.09,3772.46,3741.72,104961573,hs300
3011,2017/8/24,3755.89,3734.65,3765.71,3729.09,89947372,hs300
3012,2017/8/25,3736.29,3795.75,3795.97,3736.29,129940900,hs300
3013,2017/8/28,3805.66,3842.71,3866.94,3805.66,185576325,hs300
3014,2017/8/29,3839.18,3834.54,3847.93,3825.76,128227070,hs300
3015,2017/8/30,3834.27,3834.3,3854.71,3827.86,141352857,hs300
3016,2017/8/31,3835.84,3822.09,3840.2,3800.89,132944935,hs300
3017,2017/9/1,3825.34,3830.54,3843.62,3818.16,158645511,hs300
3018,2017/9/4,3828.54,3845.62,3847.09,3813.55,149566320,hs300
3019,2017/9/5,3845.55,3857.05,3865.29,3841.95,124964155,hs300
3020,2017/9/6,3846.75,3849.45,3858.25,3831.38,131398723,hs300
3021,2017/9/7,3851.69,3829.87,3858.16,3828.83,123884181,hs300
3022,2017/9/8,3830.07,3825.99,3843.02,3813.98,106036504,hs300
3023,2017/9/11,3828.34,3825.65,3850.74,3817.51,123883997,hs300
3024,2017/9/12,3832.24,3837.93,3849.39,3822,144190242,hs300
3025,2017/9/13,3835.55,3842.61,3847.78,3822.94,95410785,hs300
3026,2017/9/14,3843.57,3829.96,3854.49,3820.09,115358583,hs300
3027,2017/9/15,3826.14,3831.3,3843.3,3818.52,122427006,hs300
3028,2017/9/18,3832.96,3843.14,3862.36,3832.96,117934405,hs300
3029,2017/9/19,3849.88,3832.12,3857.3,3820.29,112432987,hs300
3030,2017/9/20,3830.15,3842.44,3850.94,3827.89,101129542,hs300
3031,2017/9/21,3843.26,3837.82,3860.8,3837.38,111098192,hs300
3032,2017/9/22,3826.46,3837.73,3842.25,3816.82,100619802,hs300
3033,2017/9/25,3829.22,3817.79,3835.39,3811.12,103948976,hs300
3034,2017/9/26,3810.33,3820.78,3821.69,3808.38,81869407,hs300
3035,2017/9/27,3818.96,3821.2,3832.57,3818.81,85655811,hs300
3036,2017/9/28,3821.59,3822.54,3827.33,3813.75,93544069,hs300
3037,2017/9/29,3825.2,3836.5,3852.22,3825.2,93306028,hs300
3038,2017/10/9,3910.11,3882.21,3918.84,3876.03,135535851,hs300
3039,2017/10/10,3883,3889.86,3900.74,3855.47,112532586,hs300
3040,2017/10/11,3886.82,3902.69,3913.07,3885.5,104418151,hs300
3041,2017/10/12,3902.02,3912.95,3917.44,3897.55,94340921,hs300
3042,2017/10/13,3912.98,3921,3927.17,3908.89,90142068,hs300
3043,2017/10/16,3926.28,3913.45,3947.42,3913.32,121355033,hs300
3044,2017/10/17,3910.79,3913.07,3924.61,3900.48,82241227,hs300
3045,2017/10/18,3914.82,3944.16,3944.41,3914.82,100969841,hs300
3046,2017/10/19,3940.58,3931.25,3944.03,3923.65,106527252,hs300
3047,2017/10/20,3918.53,3926.85,3928.96,3910.2,72980180,hs300
3048,2017/10/23,3930.89,3930.8,3936.27,3920.66,81484980,hs300
3049,2017/10/24,3926.23,3959.4,3959.5,3922.03,93058154,hs300
3050,2017/10/25,3958.17,3976.95,3978.09,3954,88205458,hs300
3051,2017/10/26,3980.05,3993.58,4013.6,3973.55,129895465,hs300
3052,2017/10/27,3992.55,4021.97,4024.46,3991.35,126672846,hs300
3053,2017/10/30,4022.16,4009.72,4033.34,3960.27,157387603,hs300
3054,2017/10/31,3995.39,4006.72,4009.28,3983.26,109178779,hs300
3055,2017/11/1,4007.91,3996.62,4032.46,3991.32,130417380,hs300
3056,2017/11/2,3994.09,3997.13,3999.23,3971.38,126100579,hs300
3057,2017/11/3,3992.35,3992.7,3999.34,3963.03,129404439,hs300
3058,2017/11/6,3989.18,4020.89,4021.64,3975.41,122081159,hs300
3059,2017/11/7,4022.4,4054.25,4064.22,4021.36,152116663,hs300
3060,2017/11/8,4051.49,4048.01,4089.15,4040.58,150827719,hs300
3061,2017/11/9,4043.07,4075.9,4076.61,4038.4,121056335,hs300
3062,2017/11/10,4070.28,4111.91,4116.71,4067.66,141817165,hs300
3063,2017/11/13,4115.55,4128.07,4137.65,4115.55,151446309,hs300
3064,2017/11/14,4129.27,4099.35,4133.55,4086.89,143236936,hs300
3065,2017/11/15,4084.21,4073.67,4102.81,4055.72,120635696,hs300
3066,2017/11/16,4063.49,4105.01,4107.62,4062.27,121384414,hs300
3067,2017/11/17,4094.08,4120.85,4122.38,4081.37,191784119,hs300
3068,2017/11/20,4093.73,4143.83,4144.51,4060.96,137447258,hs300
3069,2017/11/21,4131.85,4217.7,4220.26,4129.98,180350821,hs300
3070,2017/11/22,4228.37,4227.57,4260.64,4191.15,186477003,hs300
3071,2017/11/23,4213.38,4102.4,4214.19,4086.9,178147228,hs300
3072,2017/11/24,4089.47,4104.2,4116.59,4057.49,130858040,hs300
3073,2017/11/27,4088.93,4049.95,4088.93,4037.15,143455268,hs300
3074,2017/11/28,4034.21,4055.82,4056.48,4010.3,102058095,hs300
3075,2017/11/29,4061.35,4053.75,4069.24,4004.69,124553642,hs300
3076,2017/11/30,4034.01,4006.1,4052.8,3988,107983345,hs300
3077,2017/12/1,4003.56,3998.14,4027.11,3984.38,97386913,hs300
3078,2017/12/4,3989.05,4018.86,4032.99,3982.32,102647219,hs300
3079,2017/12/5,4007.94,4040.17,4045.93,4006.54,154087076,hs300
3080,2017/12/6,4027.12,4015.82,4031.75,3964.81,109286205,hs300
3081,2017/12/7,4003.58,3971.06,4017.95,3955.99,90254045,hs300
3082,2017/12/8,3962.83,4003.38,4014.14,3955.44,89282861,hs300
3083,2017/12/11,4006.88,4069.5,4069.5,4005.27,97148946,hs300
3084,2017/12/12,4068.51,4016.02,4070.15,4015.45,84338718,hs300
3085,2017/12/13,4013.83,4050.09,4052.69,4004.74,77546131,hs300
3086,2017/12/14,4050.9,4026.15,4057.62,4013.85,80768862,hs300
3087,2017/12/15,4018.73,3980.86,4020.27,3974.93,89044389,hs300
3088,2017/12/18,3983.3,3985.29,4008.07,3967.93,77853375,hs300
3089,2017/12/19,3985.82,4035.33,4035.63,3985.82,77528985,hs300
3090,2017/12/20,4036.02,4030.49,4044.85,4015.63,90604503,hs300
3091,2017/12/21,4023.08,4067.85,4080.78,4014.65,96836089,hs300
3092,2017/12/22,4064.91,4054.6,4076.8,4048.49,73473684,hs300
3093,2017/12/25,4057.42,4041.54,4086.93,4026.45,91926962,hs300
3094,2017/12/26,4040.62,4053.62,4056.86,4015.3,91118790,hs300
3095,2017/12/27,4045.28,3991.21,4047.74,3986.74,105153577,hs300
3096,2017/12/28,3993,4018.9,4036.7,3980.24,118542886,hs300
3097,2017/12/29,4022.88,4030.85,4043.14,4012.88,90486683,hs300
3098,2018/1/2,4045.21,4087.4,4087.78,4045.21,146935435,hs300
3099,2018/1/3,4091.46,4111.39,4140.05,4088.73,151852218,hs300
3100,2018/1/4,4114.12,4128.81,4137.64,4105.89,134543794,hs300
3101,2018/1/5,4133.34,4138.75,4151.28,4123.28,149009872,hs300
3102,2018/1/8,4140.85,4160.16,4166.32,4127.31,173877666,hs300
3103,2018/1/9,4157.54,4189.3,4191.28,4153.5,139034294,hs300
3104,2018/1/10,4187.2,4207.81,4211.05,4175.14,151121666,hs300
3105,2018/1/11,4197.11,4205.59,4211.8,4181.96,121578539,hs300
3106,2018/1/12,4205.14,4225,4227.39,4199.02,111354794,hs300
3107,2018/1/15,4229.84,4225.24,4262.93,4216.36,170907897,hs300
3108,2018/1/16,4215.62,4258.47,4260.21,4213.13,161494963,hs300
3109,2018/1/17,4261.78,4248.12,4283.34,4230.54,214311032,hs300
3110,2018/1/18,4259.38,4271.42,4292.64,4246.68,172032846,hs300
3111,2018/1/19,4281.94,4285.4,4316.57,4269.62,209490570,hs300
3112,2018/1/22,4276.48,4336.6,4338.48,4275.9,174643195,hs300
3113,2018/1/23,4346.89,4382.61,4383.57,4346.79,201867585,hs300
3114,2018/1/24,4389.45,4389.89,4397.82,4349.09,219818889,hs300
3115,2018/1/25,4381.98,4365.08,4392.2,4336.24,195374950,hs300
3116,2018/1/26,4352.22,4381.3,4403.34,4351.49,177227237,hs300
3117,2018/1/29,4387.06,4302.02,4395.91,4287.11,191100354,hs300
3118,2018/1/30,4286.68,4256.1,4308.51,4251.57,139034730,hs300
3119,2018/1/31,4234.11,4275.9,4287.86,4232.77,145210164,hs300
3120,2018/2/1,4276.34,4245.9,4287.39,4214.29,190002934,hs300
3121,2018/2/2,4213.94,4271.23,4271.76,4181.78,146066827,hs300
3122,2018/2/5,4204.46,4274.15,4274.15,4200.14,161347799,hs300
3123,2018/2/6,4182.33,4148.89,4211.52,4131.56,214910450,hs300
3124,2018/2/7,4205.74,4050.5,4212.57,4048.42,203127493,hs300
3125,2018/2/8,4022.88,4012.05,4071.67,3974.68,159269985,hs300
3126,2018/2/9,3896.17,3840.65,3911.29,3759.15,206349828,hs300
3127,2018/2/12,3846.27,3890.1,3907.84,3828.07,116182637,hs300
3128,2018/2/13,3925.6,3935.63,3986.98,3925.6,112565885,hs300
3129,2018/2/14,3945.09,3966.96,3971.4,3923.13,71081338,hs300
3130,2018/2/22,4020.97,4052.73,4058.79,4009.92,105811571,hs300
3131,2018/2/23,4061.75,4071.09,4085.2,4035.23,99458746,hs300
3132,2018/2/26,4093.4,4118.42,4128.74,4048.98,137881001,hs300
3133,2018/2/27,4120.87,4058.98,4120.87,4051.81,125934470,hs300
3134,2018/2/28,4016.79,4023.64,4051.71,3991.71,109343593,hs300
3135,2018/3/1,3994.87,4049.09,4061.03,3986.89,110199852,hs300
3136,2018/3/2,4014.95,4016.46,4044.42,4006.94,96165000,hs300
3137,2018/3/5,4021.66,4018.1,4042.83,3995.87,87952548,hs300
3138,2018/3/6,4034.99,4066.56,4067.55,3998.93,138762444,hs300
3139,2018/3/7,4063.5,4036.65,4089.7,4027.94,106952426,hs300
3140,2018/3/8,4038.95,4077.6,4078.23,4029.71,91155810,hs300
3141,2018/3/9,4088.07,4108.87,4110.67,4076.45,113701808,hs300
3142,2018/3/12,4130.71,4127.67,4139.53,4112.77,140906739,hs300
3143,2018/3/13,4124.33,4091.25,4130.28,4087.56,111766430,hs300
3144,2018/3/14,4076.06,4073.34,4089.09,4066.49,99013409,hs300
3145,2018/3/15,4058.71,4096.16,4098.99,4058.71,88161156,hs300
3146,2018/3/16,4096.89,4056.42,4110.04,4055.82,84896188,hs300
3147,2018/3/19,4054.62,4074.25,4074.52,4033.52,81502882,hs300
3148,2018/3/20,4045.74,4077.7,4080.19,4040.31,80605280,hs300
3149,2018/3/21,4097.02,4061.05,4110.12,4046.24,97609488,hs300
3150,2018/3/22,4062.07,4020.35,4072.38,4003.72,89095259,hs300
3151,2018/3/23,3896.74,3904.94,3928.51,3834.94,180080449,hs300
3152,2018/3/26,3862.69,3879.89,3883.9,3829.92,115139128,hs300
3153,2018/3/27,3927.49,3913.27,3936.78,3881.87,113700711,hs300
3154,2018/3/28,3865.05,3842.72,3907.28,3835.88,101494908,hs300
3155,2018/3/29,3854.59,3894.05,3913.96,3794.26,116629066,hs300
3156,2018/3/30,3893.75,3898.5,3915.35,3879.21,97512270,hs300
3157,2018/4/2,3897.01,3886.92,3937.02,3882.89,111242666,hs300
3158,2018/4/3,3850.15,3862.48,3878.15,3839.93,95137369,hs300
3159,2018/4/4,3873.63,3854.86,3898.61,3852.5,88730609,hs300
3160,2018/4/9,3851.95,3852.93,3870.67,3827.41,84105462,hs300
3161,2018/4/10,3860.72,3927.17,3927.42,3851.8,106173722,hs300
3162,2018/4/11,3934.17,3938.34,3958.71,3924.96,111933021,hs300
3163,2018/4/12,3935.67,3898.64,3937.78,3896.18,82699490,hs300
3164,2018/4/13,3920.74,3871.14,3929.95,3866.19,71544203,hs300
3165,2018/4/16,3862.47,3808.86,3869.16,3789.61,99217770,hs300
3166,2018/4/17,3812.87,3748.64,3822.63,3745.44,90610790,hs300
3167,2018/4/18,3785.31,3766.28,3789.66,3708.11,106676706,hs300
3168,2018/4/19,3774.78,3811.84,3824.03,3767.8,99054060,hs300
3169,2018/4/20,3801.21,3760.85,3815.44,3750.1,99282925,hs300
3170,2018/4/23,3754.69,3766.33,3787.4,3735.18,90356291,hs300
3171,2018/4/24,3769.88,3843.49,3854.43,3769.88,114219525,hs300
3172,2018/4/25,3824.59,3828.7,3838.69,3817.03,78172612,hs300
3173,2018/4/26,3823.39,3755.49,3828.71,3744.89,87150641,hs300
3174,2018/4/27,3771.04,3756.88,3776.98,3714.64,89531726,hs300
3175,2018/5/2,3769.93,3763.65,3787.3,3744.55,83301035,hs300
3176,2018/5/3,3756.17,3793,3797.53,3732.37,93961118,hs300
3177,2018/5/4,3784.32,3774.6,3801.52,3770.94,71554288,hs300
3178,2018/5/7,3782.54,3834.19,3834.59,3776.03,87286195,hs300
3179,2018/5/8,3834.61,3878.68,3892.07,3833.73,94215157,hs300
3180,2018/5/9,3876.13,3871.62,3878.94,3855.74,66712966,hs300
3181,2018/5/10,3882.84,3893.06,3894.49,3867.31,70667809,hs300
3182,2018/5/11,3902.15,3872.84,3903.34,3871.95,73356604,hs300
3183,2018/5/14,3886.87,3909.29,3919.3,3886.87,81975999,hs300
3184,2018/5/15,3920.14,3924.1,3924.34,3892.92,76049555,hs300
3185,2018/5/16,3909.82,3892.84,3923.34,3889.19,71913646,hs300
3186,2018/5/17,3895.49,3864.05,3899.51,3858.85,59030123,hs300
3187,2018/5/18,3860.16,3903.06,3903.06,3841.9,72613956,hs300
3188,2018/5/21,3925.54,3921.24,3937.46,3913.6,92641737,hs300
3189,2018/5/22,3918.82,3906.21,3918.82,3881.17,75368778,hs300
3190,2018/5/23,3898.27,3854.58,3898.27,3854.58,83722319,hs300
3191,2018/5/24,3853.29,3827.22,3859.1,3823.92,68345022,hs300
3192,2018/5/25,3823.74,3816.5,3841.12,3804.14,70836386,hs300
3193,2018/5/28,3816.26,3833.26,3846.55,3799.32,71521132,hs300
3194,2018/5/29,3824.19,3804.01,3841.78,3800.67,81552662,hs300
3195,2018/5/30,3755.18,3723.37,3767.89,3722.07,87913285,hs300
3196,2018/5/31,3749.3,3802.38,3804.79,3742.53,92666894,hs300
3197,2018/6/1,3789.67,3770.59,3802.54,3753.84,77821813,hs300
3198,2018/6/4,3785.19,3807.58,3813.41,3776.62,76624341,hs300
3199,2018/6/5,3811.29,3845.32,3845.56,3800.93,78687360,hs300
3200,2018/6/6,3839.68,3837.35,3848.33,3830.9,73117237,hs300
3201,2018/6/7,3846.94,3831.01,3859.85,3827.69,80256147,hs300
3202,2018/6/8,3819.45,3779.62,3819.46,3759.27,83337335,hs300
3203,2018/6/11,3770.21,3779.98,3792.55,3756.51,68709834,hs300
3204,2018/6/12,3783.19,3825.95,3830.47,3765.26,73206244,hs300
3205,2018/6/13,3814.62,3788.34,3817.45,3782.07,66377970,hs300
3206,2018/6/14,3774.64,3773.37,3808.16,3759.25,68471322,hs300
3207,2018/6/15,3763.04,3753.43,3780.34,3737.43,85488893,hs300
3208,2018/6/19,3702.67,3621.12,3712.82,3583.02,160706542,hs300
3209,2018/6/20,3602.55,3635.44,3649.34,3578.17,86718098,hs300
3210,2018/6/21,3633.56,3592.97,3673.56,3589.49,93908552,hs300
3211,2018/6/22,3567.89,3608.9,3609.08,3542.46,75117864,hs300
3212,2018/6/25,3625.8,3560.48,3631.03,3559.03,79877078,hs300
3213,2018/6/26,3521.59,3531.11,3541.78,3478.21,84985269,hs300
3214,2018/6/27,3525.13,3459.26,3537.66,3441.78,81491817,hs300
3215,2018/6/28,3434.94,3423.53,3477.06,3416.95,75918051,hs300
3216,2018/6/29,3431.96,3510.98,3512.38,3425.22,77257031,hs300
3217,2018/7/2,3504.46,3407.96,3506.9,3383.5,84351449,hs300
3218,2018/7/3,3410.48,3409.28,3422.04,3319.29,95278693,hs300
3219,2018/7/4,3398.78,3363.75,3418.33,3359.09,75157997,hs300
3220,2018/7/5,3365.55,3342.44,3398.49,3330.71,81587981,hs300
3221,2018/7/6,3347.06,3365.12,3396.25,3295.73,86097579,hs300
3222,2018/7/9,3378.91,3459.18,3459.32,3378.91,76601545,hs300
3223,2018/7/10,3464.91,3467.52,3474.14,3437.27,69548823,hs300
3224,2018/7/11,3398.93,3407.53,3427.57,3375.14,72040950,hs300
3225,2018/7/12,3403.33,3481.06,3499.1,3403.33,96353564,hs300
3226,2018/7/13,3488.5,3492.69,3499.76,3474.91,72955897,hs300
3227,2018/7/16,3488.97,3472.09,3506.24,3459.73,68281999,hs300
3228,2018/7/17,3466.42,3449.38,3467.19,3420.97,61983076,hs300
3229,2018/7/18,3456.61,3431.32,3479.26,3430.16,66530330,hs300
3230,2018/7/19,3444.8,3428.34,3466.51,3417.96,68477716,hs300
3231,2018/7/20,3426.46,3492.89,3505.93,3398.95,101984727,hs300
3232,2018/7/23,3471.86,3525.75,3527.53,3464.65,119036627,hs300
3233,2018/7/24,3530.66,3581.71,3596.51,3530.66,156912435,hs300
3234,2018/7/25,3589.51,3577.75,3589.98,3566.31,96758501,hs300
3235,2018/7/26,3583.32,3536.25,3593.92,3528.64,90349641,hs300
3236,2018/7/27,3533.77,3521.23,3545.41,3512.7,70178104,hs300
3237,2018/7/30,3520.85,3515.08,3550.9,3489.55,82116995,hs300
3238,2018/7/31,3510.47,3517.66,3528.15,3493.15,67980817,hs300
3239,2018/8/1,3530.03,3447.39,3543.61,3446.78,90348617,hs300
3240,2018/8/2,3434.35,3370.96,3434.35,3322.1,101308727,hs300
3241,2018/8/3,3366.66,3315.28,3381.34,3315.2,70796910,hs300
3242,2018/8/6,3312.82,3273.27,3344.25,3257.69,77975083,hs300
3243,2018/8/7,3284.98,3368.87,3368.96,3263.5,91783916,hs300
3244,2018/8/8,3362.15,3314.51,3368.16,3311.77,79284865,hs300
3245,2018/8/9,3303.48,3397.53,3408.39,3299.62,91957572,hs300
3246,2018/8/10,3398.41,3405.02,3424.04,3380.57,68967299,hs300
3247,2018/8/13,3369.98,3390.34,3396.19,3336.7,76191532,hs300
3248,2018/8/14,3386.48,3372.91,3391.73,3356.61,60651446,hs300
3249,2018/8/15,3371.96,3291.98,3372.14,3288.71,68174055,hs300
3250,2018/8/16,3251.86,3276.73,3315.2,3231.56,76547366,hs300
3251,2018/8/17,3305.9,3229.62,3311.57,3224.1,67395413,hs300
3252,2018/8/20,3238.22,3267.25,3267.25,3209.01,70904228,hs300
3253,2018/8/21,3271.84,3326.65,3331.71,3270.03,75205583,hs300
3254,2018/8/22,3328.97,3307.95,3328.97,3299.39,50787057,hs300
3255,2018/8/23,3308.46,3320.03,3336.11,3285.81,61112334,hs300
3256,2018/8/24,3308.48,3325.33,3353.04,3291.87,63765897,hs300
3257,2018/8/27,3339.39,3406.57,3406.57,3339.26,94270082,hs300
3258,2018/8/28,3408.15,3400.17,3416.59,3388.81,75445363,hs300
3259,2018/8/29,3393.05,3386.57,3398.71,3377.12,67020404,hs300
3260,2018/8/30,3385.81,3351.09,3402.56,3349.47,68385290,hs300
3261,2018/8/31,3333.38,3334.5,3356.58,3310.87,76205630,hs300
3262,2018/9/3,3320.69,3321.82,3325.61,3291.78,66429855,hs300
3263,2018/9/4,3324.19,3363.9,3370.96,3307.96,67088807,hs300
3264,2018/9/5,3349.7,3298.14,3354.2,3298.14,64301888,hs300
3265,2018/9/6,3286.66,3262.88,3311.5,3253.76,62300288,hs300
3266,2018/9/7,3273.89,3277.64,3316.61,3253.73,63947408,hs300
3267,2018/9/10,3271.38,3230.07,3277.88,3227.85,63817051,hs300
3268,2018/9/11,3229.71,3224.21,3245.62,3209.11,58491305,hs300
3269,2018/9/12,3216.99,3202.02,3225.6,3194.98,54627899,hs300
3270,2018/9/13,3239.69,3236.57,3249.59,3191.4,67290327,hs300
3271,2018/9/14,3242.83,3242.09,3254.1,3227.94,60130640,hs300
3272,2018/9/17,3224.93,3204.92,3230.79,3200.51,52259547,hs300
3273,2018/9/18,3193.64,3269.43,3270.11,3193.64,70425035,hs300
3274,2018/9/19,3262,3312.48,3335.99,3258.31,89170666,hs300
3275,2018/9/20,3314.88,3310.13,3332.31,3303.07,64561057,hs300
3276,2018/9/21,3320.7,3410.49,3410.49,3307.77,108416005,hs300
3277,2018/9/25,3375.97,3379.8,3394.38,3367.03,69054693,hs300
3278,2018/9/26,3388.56,3417.24,3448.26,3383.24,93173343,hs300
3279,2018/9/27,3415.95,3403.59,3423.71,3394.73,69765241,hs300
3280,2018/9/28,3409.96,3438.86,3444.99,3404.7,84377756,hs300
3281,2018/10/8,3361.56,3290.9,3364.46,3285.25,97888989,hs300
3282,2018/10/9,3290.17,3288.69,3309.8,3276.13,66723274,hs300
3283,2018/10/10,3295.43,3281.6,3315.73,3256.58,64492828,hs300
3284,2018/10/11,3179.54,3124.11,3209.52,3099.04,120941342,hs300
3285,2018/10/12,3123.37,3170.73,3184.12,3094.97,98611151,hs300
3286,2018/10/15,3173.85,3126.45,3183.13,3120.23,69605023,hs300
3287,2018/10/16,3128.58,3100.97,3166.09,3089.37,68887721,hs300
3288,2018/10/17,3140.68,3118.25,3149.13,3062.55,76837138,hs300
3289,2018/10/18,3097.79,3044.39,3097.79,3043.38,73771968,hs300
3290,2018/10/19,3017.75,3134.95,3137.75,3009.5,98839688,hs300
3291,2018/10/22,3159.56,3270.27,3297.38,3159.56,145862045,hs300
3292,2018/10/23,3273.13,3183.43,3276.02,3163.57,121013241,hs300
3293,2018/10/24,3169.46,3188.2,3245.4,3164.29,110909744,hs300
3294,2018/10/25,3107.84,3194.31,3197.32,3099.89,106951817,hs300
3295,2018/10/26,3204.28,3173.64,3218.1,3151.92,101299354,hs300
3296,2018/10/29,3157.49,3076.89,3158.81,3062.58,91839789,hs300
3297,2018/10/30,3061.93,3110.26,3146.63,3050.77,116070101,hs300
3298,2018/10/31,3116.66,3153.82,3168.92,3106.03,111207455,hs300
3299,2018/11/1,3185.2,3177.03,3217.8,3173.1,132653379,hs300
3300,2018/11/2,3258.61,3290.25,3290.25,3222.44,153466104,hs300
3301,2018/11/5,3269.47,3262.84,3279.88,3230.36,109706683,hs300
3302,2018/11/6,3254.98,3243.15,3254.98,3213.9,83869138,hs300
3303,2018/11/7,3243.88,3221.91,3270.5,3218.42,91615528,hs300
3304,2018/11/8,3251.73,3212.77,3253.57,3207.71,76414540,hs300
3305,2018/11/9,3193.3,3167.44,3193.3,3166.31,84282762,hs300
3306,2018/11/12,3160.25,3205.14,3206.51,3152.44,88062391,hs300
3307,2018/11/13,3164.92,3237.38,3254.77,3161.1,126493464,hs300
3308,2018/11/14,3233.64,3204.94,3239.24,3200.23,113808659,hs300
3309,2018/11/15,3201.28,3242.37,3242.38,3198.78,98558810,hs300
3310,2018/11/16,3242.88,3257.67,3282.39,3223.72,126876835,hs300
3311,2018/11/19,3258.79,3294.6,3294.6,3251.07,115956595,hs300
3312,2018/11/20,3268.08,3218.41,3278.78,3213.68,109361154,hs300
3313,2018/11/21,3187.1,3226.49,3230.26,3185.24,84119726,hs300
3314,2018/11/22,3232.97,3214.43,3235.45,3199.7,65098291,hs300
3315,2018/11/23,3208.59,3143.48,3212.2,3139.39,84638255,hs300
3316,2018/11/26,3148.67,3141.24,3169.44,3131.64,59379140,hs300
3317,2018/11/27,3152.77,3137.24,3162.01,3126.29,55407832,hs300
3318,2018/11/28,3137.75,3178.93,3179.41,3126.62,74881955,hs300
3319,2018/11/29,3198.83,3137.65,3204.86,3137.65,80498466,hs300
3320,2018/11/30,3136.2,3172.69,3175.15,3132.42,70921044,hs300
3321,2018/12/3,3260.69,3260.95,3273.64,3228.36,121487157,hs300
3322,2018/12/4,3256.23,3267.71,3267.94,3243.7,79415039,hs300
3323,2018/12/5,3224.26,3252,3266.9,3219.98,76153052,hs300
3324,2018/12/6,3218.11,3181.67,3223.52,3179.89,76328771,hs300
3325,2018/12/7,3187.49,3181.56,3193.82,3176.71,53361924,hs300
3326,2018/12/10,3153.52,3144.76,3170.15,3134.38,63437273,hs300
3327,2018/12/11,3148.23,3159.82,3161.96,3143.61,53223877,hs300
3328,2018/12/12,3181.57,3170.61,3182.21,3160.28,53309914,hs300
3329,2018/12/13,3178.89,3219.69,3234.08,3169.42,90442755,hs300
3330,2018/12/14,3207.35,3165.91,3210.72,3165.91,84301250,hs300
3331,2018/12/17,3158.28,3161.2,3167.51,3134.37,66497007,hs300
3332,2018/12/18,3139.95,3128.43,3165,3114.47,63820319,hs300
3333,2018/12/19,3133.74,3091.13,3137.01,3086.76,55522299,hs300
3334,2018/12/20,3083.54,3067.42,3097.72,3044.29,69749463,hs300
3335,2018/12/21,3055.33,3029.4,3057.4,3007.61,76758101,hs300
3336,2018/12/24,3015.5,3038.2,3040.35,3007.33,57299615,hs300
3337,2018/12/25,3006.88,3017.28,3030.14,2964.88,78689425,hs300
3338,2018/12/26,3012.87,3002.03,3029.06,2996.48,55647032,hs300
3339,2018/12/27,3042.95,2990.51,3047.23,2990.51,80541785,hs300
3340,2018/12/28,2994.79,3010.65,3024.35,2984.82,71053779,hs300
3341,2019/1/2,3017.07,2969.54,3018.78,2958.49,68663021,hs300
3342,2019/1/3,2963.02,2964.84,3000.44,2953.25,70867103,hs300
3343,2019/1/4,2940.19,3035.87,3036.81,2935.83,103318972,hs300
3344,2019/1/7,3055.15,3054.3,3061.75,3035.91,101164359,hs300
3345,2019/1/8,3049.87,3047.7,3055.51,3038.53,86170585,hs300
3346,2019/1/9,3065.23,3078.48,3117.96,3062.85,107364350,hs300
3347,2019/1/10,3077.48,3072.69,3092.54,3062.57,85271756,hs300
3348,2019/1/11,3082.26,3094.78,3102.83,3071.03,71786424,hs300
3349,2019/1/14,3092.5,3067.78,3097.41,3064.38,66121702,hs300
3350,2019/1/15,3071.52,3127.99,3129.37,3064.67,88772962,hs300
3351,2019/1/16,3126.13,3128.65,3135.01,3117.29,80214341,hs300
3352,2019/1/17,3132.63,3111.42,3141.71,3110.06,80174871,hs300
3353,2019/1/18,3124.5,3168.17,3171.69,3120.35,103963834,hs300
3354,2019/1/21,3170.88,3185.64,3199.21,3170.88,93915022,hs300
3355,2019/1/22,3181.95,3143.32,3181.95,3135.34,72990528,hs300
3356,2019/1/23,3136.1,3141.05,3157.63,3131.87,59870478,hs300
3357,2019/1/24,3146.6,3158.78,3165.63,3125.3,72934636,hs300
3358,2019/1/25,3165.18,3184.47,3203.17,3164.41,83967729,hs300
3359,2019/1/28,3203.12,3183.78,3228.87,3174.72,82622431,hs300
3360,2019/1/29,3177.26,3193.97,3200.99,3148.23,77658334,hs300
3361,2019/1/30,3181.66,3168.48,3202.9,3167.89,63746517,hs300
3362,2019/1/31,3182.7,3201.63,3216.07,3178.01,86247839,hs300
3363,2019/2/1,3225.73,3247.4,3247.5,3207.72,82019641,hs300
3364,2019/2/11,3239.81,3306.47,3307.06,3239.81,98818434,hs300
3365,2019/2/12,3306.35,3330.34,3335.36,3298.63,122232462,hs300
3366,2019/2/13,3337.78,3397.03,3405.58,3329.14,163828332,hs300
3367,2019/2/14,3392.85,3402.14,3415.4,3381.98,151127290,hs300
3368,2019/2/15,3391.24,3338.7,3395.03,3335.87,143668603,hs300
3369,2019/2/18,3366.42,3445.74,3445.74,3366.42,182886089,hs300
3370,2019/2/19,3454.72,3439.61,3480.79,3419.07,179083785,hs300
3371,2019/2/20,3449.93,3451.93,3463.77,3421.5,147390311,hs300
3372,2019/2/21,3450.14,3442.71,3500.25,3431.63,180143287,hs300
3373,2019/2/22,3439.38,3520.12,3520.12,3417.98,187237974,hs300
3374,2019/2/25,3575.85,3729.48,3729.48,3574.69,342557122,hs300
3375,2019/2/26,3734.71,3684.69,3762.11,3679.27,358038698,hs300
3376,2019/2/27,3682.81,3678.39,3737.63,3638.33,286236007,hs300
3377,2019/2/28,3675.26,3669.37,3695.46,3650.05,184810220,hs300
3378,2019/3/1,3699.22,3749.71,3749.71,3668.77,204711004,hs300
3379,2019/3/4,3783.04,3794.1,3886.58,3764.78,323490126,hs300
3380,2019/3/5,3785.38,3816.01,3816.16,3770.79,230853166,hs300
3381,2019/3/6,3822.86,3848.09,3855.16,3787.52,318077371,hs300
3382,2019/3/7,3841.15,3808.85,3845.18,3778.8,329846548,hs300
3383,2019/3/8,3721.4,3657.58,3774.54,3656.19,317990077,hs300
3384,2019/3/11,3663.98,3729.95,3731.91,3650.81,230912865,hs300
3385,2019/3/12,3758.32,3755.35,3804.72,3723.68,274926382,hs300
3386,2019/3/13,3758.71,3724.19,3763.09,3708.81,233682248,hs300
3387,2019/3/14,3710.29,3698.49,3747.82,3673.85,190817237,hs300
3388,2019/3/15,3713.94,3745,3782.24,3713.94,175174544,hs300
3389,2019/3/18,3753.64,3851.75,3851.75,3733.68,216928060,hs300
3390,2019/3/19,3856.59,3833.96,3868.33,3815.22,181727110,hs300
3391,2019/3/20,3825.34,3835.44,3855.15,3790.51,175632090,hs300
3392,2019/3/21,3840.28,3836.89,3864.07,3823.47,196310310,hs300
3393,2019/3/22,3838.13,3833.8,3845.58,3786.59,171356993,hs300
3394,2019/3/25,3776.44,3742.83,3807.18,3741.61,198586329,hs300
3395,2019/3/26,3766.53,3700.44,3770.84,3687.55,173046579,hs300
3396,2019/3/27,3724.41,3743.39,3750.26,3703.45,138758454,hs300
3397,2019/3/28,3731.06,3728.4,3755.72,3710.08,133272129,hs300
3398,2019/3/29,3739.77,3872.34,3876.38,3739.77,215639103,hs300
3399,2019/4/1,3901.17,3973.93,3982.91,3901.17,271382704,hs300
3400,2019/4/2,3986.34,3971.29,3988.1,3956.51,226000341,hs300
3401,2019/4/3,3947.87,4022.16,4026.5,3939.78,231917368,hs300
3402,2019/4/4,4039.74,4062.23,4072.11,4021.71,260410939,hs300
3403,2019/4/8,4097.1,4057.23,4122.6,4017.49,267505576,hs300
3404,2019/4/9,4063.81,4075.43,4084.24,4038.28,182956808,hs300
3405,2019/4/10,4062.44,4085.85,4115.38,4035.47,194687613,hs300
3406,2019/4/11,4083.46,3997.58,4097.12,3990.24,169049641,hs300
3407,2019/4/12,3986.78,3988.62,4006.93,3961.46,135862118,hs300
3408,2019/4/15,4056.49,3975.52,4085.39,3974.23,182645571,hs300
3409,2019/4/16,3958.1,4085.79,4085.79,3943.49,202041966,hs300
3410,2019/4/17,4080.72,4087.24,4106.62,4057.5,180367117,hs300
3411,2019/4/18,4085.11,4072.08,4094.05,4056.24,146562123,hs300
3412,2019/4/19,4076.3,4120.61,4120.64,4046.2,150794910,hs300
3413,2019/4/22,4125.97,4025.61,4126.09,4015.47,189353745,hs300
3414,2019/4/23,4021.63,4019.01,4061.09,4005.28,155611650,hs300
3415,2019/4/24,4033.63,4030.09,4044.34,3967.81,145498695,hs300
3416,2019/4/25,4013.6,3941.82,4022.56,3938.33,159722071,hs300
3417,2019/4/26,3921.89,3889.27,3943.83,3887.25,142008068,hs300
3418,2019/4/29,3896.58,3900.33,3953.23,3875.45,153870927,hs300
3419,2019/4/30,3887.18,3913.21,3923.11,3885.15,116233376,hs300
3420,2019/5/6,3775.08,3684.62,3791.61,3647.14,197472882,hs300
3421,2019/5/7,3702.27,3720.67,3738.18,3671.83,132847654,hs300
3422,2019/5/8,3648.55,3667.46,3722.93,3642.5,112867355,hs300
3423,2019/5/9,3637.35,3599.7,3656.9,3584.82,101037394,hs300
3424,2019/5/10,3643.06,3730.45,3732.92,3589.29,148003847,hs300
3425,2019/5/13,3675.76,3668.73,3702.9,3658,103391860,hs300
3426,2019/5/14,3630.44,3645.15,3683.26,3630.44,102313460,hs300
3427,2019/5/15,3674.99,3727.09,3741.04,3674.99,110161769,hs300
3428,2019/5/16,3720.04,3743.96,3745.14,3707.9,116258274,hs300
3429,2019/5/17,3744.88,3648.76,3745.36,3637.58,128453245,hs300
3430,2019/5/20,3635.74,3617.79,3644.5,3583.83,108963477,hs300
3431,2019/5/21,3619.44,3666.78,3690.09,3610.68,111022920,hs300
3432,2019/5/22,3663.15,3649.38,3679.27,3634.75,98346128,hs300
3433,2019/5/23,3629.53,3583.96,3631.47,3578.11,99897781,hs300
3434,2019/5/24,3584.9,3593.91,3623.39,3580.79,80934048,hs300
3435,2019/5/27,3592.6,3637.2,3648.03,3556.26,108830871,hs300
3436,2019/5/28,3633.02,3672.26,3683.23,3627.79,117886240,hs300
3437,2019/5/29,3642.54,3663.91,3693.23,3637.35,93355441,hs300
3438,2019/5/30,3648.85,3641.18,3650.97,3612.62,94202561,hs300
3439,2019/5/31,3641,3629.79,3668.18,3627.54,89222267,hs300
3440,2019/6/3,3640.61,3632.01,3672.81,3613.13,100723180,hs300
3441,2019/6/4,3632.56,3598.47,3636.13,3584.46,87097094,hs300
3442,2019/6/5,3627.79,3597.1,3634.45,3593.95,88642020,hs300
3443,2019/6/6,3601.04,3564.68,3601.04,3557.02,85534403,hs300
3444,2019/6/10,3578.01,3610.74,3623.73,3568.28,92375061,hs300
3445,2019/6/11,3617.52,3719.28,3723.14,3617.52,143482806,hs300
3446,2019/6/12,3706.86,3691.1,3711.88,3683.94,119178853,hs300
3447,2019/6/13,3689.58,3685.39,3697.59,3654.27,96331718,hs300
3448,2019/6/14,3690.48,3654.88,3709.65,3650.91,101817004,hs300
3449,2019/6/17,3654.44,3654.82,3683.77,3645.5,72976678,hs300
3450,2019/6/18,3661.13,3667.62,3675.65,3638.78,70692266,hs300
3451,2019/6/19,3761.34,3715.94,3771.35,3715.13,125595715,hs300
3452,2019/6/20,3718.94,3828.52,3845.79,3717.19,168872073,hs300
3453,2019/6/21,3832.73,3833.94,3856.09,3817.31,153635155,hs300
3454,2019/6/24,3836.31,3841.27,3853.55,3819.77,100084621,hs300
3455,2019/6/25,3837.43,3801.31,3838.06,3755.01,124075912,hs300
3456,2019/6/26,3779.51,3794.33,3809.76,3771.72,81820283,hs300
3457,2019/6/27,3807.54,3834.82,3854.08,3805.83,105316358,hs300
3458,2019/6/28,3832.06,3825.59,3835.23,3803.05,84766139,hs300
3459,2019/7/1,3899.33,3935.81,3936.67,3886.91,158370340,hs300
3460,2019/7/2,3931.05,3937.17,3942.43,3918.94,131863496,hs300
3461,2019/7/3,3927.44,3893.53,3927.44,3878.84,111992603,hs300
3462,2019/7/4,3895.2,3873.1,3906.89,3854.69,99342256,hs300
3463,2019/7/5,3875.37,3893.2,3900.31,3857.93,74006527,hs300
3464,2019/7/8,3875.75,3802.79,3875.75,3775.03,109539086,hs300
3465,2019/7/9,3798.1,3793.13,3811.1,3774.76,74842732,hs300
3466,2019/7/10,3807.95,3786.74,3810.4,3774.23,72833948,hs300
3467,2019/7/11,3806.19,3785.22,3830.74,3774.41,75311965,hs300
3468,2019/7/12,3783.07,3808.73,3820.24,3774.52,75465967,hs300
3469,2019/7/15,3792.64,3824.19,3844.87,3745.85,101205222,hs300
3470,2019/7/16,3819.25,3806.84,3828.33,3799.87,80730952,hs300
3471,2019/7/17,3800.11,3804.64,3820.27,3787.9,95183885,hs300
3472,2019/7/18,3793.19,3768.4,3793.39,3768,87496445,hs300
3473,2019/7/19,3787.51,3807.96,3828.15,3787.51,88086149,hs300
3474,2019/7/22,3813.5,3781.68,3816.54,3765.44,92101377,hs300
3475,2019/7/23,3783.54,3789.91,3792.96,3768.76,71313346,hs300
3476,2019/7/24,3803.59,3819.83,3840.06,3803.57,90940684,hs300
3477,2019/7/25,3821.39,3851.07,3851.07,3812.95,93740417,hs300
3478,2019/7/26,3835.23,3858.57,3863.59,3832.52,83259300,hs300
3479,2019/7/29,3857.94,3854.27,3862.75,3842.43,84814370,hs300
3480,2019/7/30,3861.57,3870.32,3890.73,3861.57,94123955,hs300
3481,2019/7/31,3856.75,3835.36,3856.75,3830.09,82151155,hs300
3482,2019/8/1,3819.32,3803.47,3831.26,3791.55,84114180,hs300
3483,2019/8/2,3729.13,3747.44,3754.53,3720.06,108335897,hs300
3484,2019/8/5,3724.41,3675.69,3739.5,3675.69,101325981,hs300
3485,2019/8/6,3609.11,3636.33,3649.9,3575.86,129833871,hs300
3486,2019/8/7,3654.63,3621.43,3659.08,3621.43,84238716,hs300
3487,2019/8/8,3651.36,3669.29,3675.46,3646.94,88457707,hs300
3488,2019/8/9,3686.75,3633.53,3689.18,3628.12,85295580,hs300
3489,2019/8/12,3647.87,3699.1,3699.1,3643.32,82083056,hs300
3490,2019/8/13,3675.59,3665.75,3686.43,3658.01,76500302,hs300
3491,2019/8/14,3712.07,3682.4,3717.56,3680.61,91202590,hs300
3492,2019/8/15,3618.01,3694,3694.3,3612.11,88598832,hs300
3493,2019/8/16,3697.94,3710.54,3738.1,3687.08,88319169,hs300
3494,2019/8/19,3736.03,3791.09,3791.09,3720.69,139327013,hs300
3495,2019/8/20,3786.03,3787.73,3799.9,3778.73,108602088,hs300
3496,2019/8/21,3778.31,3781.76,3792.6,3775.45,82299880,hs300
3497,2019/8/22,3793.86,3793.51,3797.33,3771.2,85807792,hs300
3498,2019/8/23,3796.88,3820.86,3829.36,3788.03,87954583,hs300
3499,2019/8/26,3756.36,3765.91,3778.87,3753.16,93859269,hs300
3500,2019/8/27,3791.46,3816.95,3848.24,3790.87,124731478,hs300
3501,2019/8/28,3818.81,3802.58,3822.59,3790.14,88750812,hs300
3502,2019/8/29,3805.49,3790.19,3808.6,3774.4,84083387,hs300
3503,2019/8/30,3816.68,3799.59,3828.97,3778.92,96695150,hs300
3504,2019/9/2,3803.69,3848.32,3855.78,3799.82,110289349,hs300
3505,2019/9/3,3852.58,3853.61,3856.68,3833.76,97714631,hs300
3506,2019/9/4,3848.65,3886,3886,3846.42,126628615,hs300
3507,2019/9/5,3909.21,3925.32,3970,3909.21,181656231,hs300
3508,2019/9/6,3946.69,3948.51,3948.54,3922.34,121882376,hs300
3509,2019/9/9,3980.96,3972.95,3985.24,3954.88,146809754,hs300
3510,2019/9/10,3976.87,3959.26,3976.92,3938.74,130889386,hs300
3511,2019/9/11,3969.68,3930.1,3971.22,3922.95,131594875,hs300
3512,2019/9/12,3944.69,3972.38,3975.93,3933.44,110241273,hs300
3513,2019/9/16,3981.36,3957.72,3982.2,3943.37,110259805,hs300
3514,2019/9/17,3947.16,3891.22,3947.16,3879.49,113694317,hs300
3515,2019/9/18,3902.99,3910.08,3923.15,3902.51,82056152,hs300
3516,2019/9/19,3923.96,3924.38,3924.38,3897.07,85984238,hs300
3517,2019/9/20,3933.46,3935.65,3942.22,3921.41,103455955,hs300
3518,2019/9/23,3925.19,3890.66,3925.19,3868.21,94036225,hs300
3519,2019/9/24,3895.87,3901.08,3927.01,3886.14,87783230,hs300
3520,2019/9/25,3887.55,3870.98,3889.84,3867.23,89520835,hs300
3521,2019/9/26,3884.7,3841.14,3890.75,3840.25,102698301,hs300
3522,2019/9/27,3843.46,3852.65,3859.5,3832.25,74003947,hs300
3523,2019/9/30,3842.07,3814.53,3857.23,3813.55,65931313,hs300
3524,2019/10/8,3818.59,3837.68,3861.64,3818.59,76657860,hs300
3525,2019/10/9,3822.61,3843.24,3845.34,3805.07,75854512,hs300
3526,2019/10/10,3838.49,3874.64,3877.14,3829.43,79222694,hs300
3527,2019/10/11,3885.52,3911.73,3922.37,3868.84,93412577,hs300
3528,2019/10/14,3944.86,3953.24,3983.81,3934.73,122393611,hs300
3529,2019/10/15,3953.16,3936.25,3953.16,3928.15,85273949,hs300
3530,2019/10/16,3939.28,3922.69,3964.05,3919.02,83229707,hs300
3531,2019/10/17,3929.39,3925.22,3935.81,3913.92,64863745,hs300
3532,2019/10/18,3935.42,3869.38,3940.54,3864.97,82321140,hs300
3533,2019/10/21,3865.34,3880.84,3884.74,3856.04,74182918,hs300
3534,2019/10/22,3896.31,3895.88,3897.44,3870.55,68918566,hs300
3535,2019/10/23,3892.68,3871.08,3901.42,3862.2,70198625,hs300
3536,2019/10/24,3877.92,3870.67,3890.2,3852.58,71334575,hs300
3537,2019/10/25,3871.77,3896.79,3899.72,3849.03,77453620,hs300
3538,2019/10/28,3904.98,3926.58,3927.8,3897.82,97406020,hs300
3539,2019/10/29,3929.71,3910.23,3932.37,3910.23,82257075,hs300
3540,2019/10/30,3904.72,3891.23,3908.1,3883.45,77872923,hs300
3541,2019/10/31,3906.86,3886.75,3907.15,3878.88,86714539,hs300
3542,2019/11/1,3883.81,3952.39,3956.08,3876.42,100689612,hs300
3543,2019/11/4,3964.01,3978.12,3985.36,3964.01,104193855,hs300
3544,2019/11/5,3982.12,4002.81,4030.64,3970.87,112911880,hs300
3545,2019/11/6,4006.33,3984.88,4007.5,3973.78,97312952,hs300
3546,2019/11/7,3984.55,3991.88,4005.38,3975.55,87254898,hs300
3547,2019/11/8,4017.67,3973.01,4022.04,3971.57,97106948,hs300
3548,2019/11/11,3948.62,3902.98,3948.62,3897.55,94155621,hs300
3549,2019/11/12,3905.96,3903.69,3914.88,3877.74,76543069,hs300
3550,2019/11/13,3905.28,3899.98,3908.42,3882.43,76749078,hs300
3551,2019/11/14,3905.93,3905.86,3916.95,3895.14,87008446,hs300
3552,2019/11/15,3908.49,3877.09,3915.1,3877.09,83730917,hs300
3553,2019/11/18,3874.44,3907.93,3913.1,3868.32,76645993,hs300
3554,2019/11/19,3904.1,3947.04,3947.04,3902.38,82161025,hs300
3555,2019/11/20,3940.13,3907.86,3943.23,3901.99,76815333,hs300
3556,2019/11/21,3894.54,3889.6,3901.83,3875.97,69130538,hs300
3557,2019/11/22,3894.17,3849.99,3918.84,3833.5,91042639,hs300
3558,2019/11/25,3850.97,3878.21,3878.25,3839.42,106066289,hs300
3559,2019/11/26,3893.43,3891.65,3899.11,3869.59,111513537,hs300
3560,2019/11/27,3883.43,3875.62,3889.98,3862.7,76437305,hs300
3561,2019/11/28,3877.9,3862.3,3887.69,3852.01,65230119,hs300
3562,2019/11/29,3857.19,3828.67,3861.66,3804.83,74144331,hs300
3563,2019/12/2,3835.51,3836.06,3854.75,3829.31,77412173,hs300
3564,2019/12/3,3829.21,3851.09,3851.12,3811.63,73611240,hs300
3565,2019/12/4,3841.66,3849.82,3852.99,3831.07,79683385,hs300
3566,2019/12/5,3863.61,3879.36,3883.4,3859.82,89051193,hs300
3567,2019/12/6,3885.06,3902.39,3902.39,3878.7,78648887,hs300
3568,2019/12/9,3909.53,3895.45,3911.97,3885.25,95353806,hs300
3569,2019/12/10,3886.44,3900.38,3900.96,3882.09,86262928,hs300
3570,2019/12/11,3907.16,3902.75,3909.39,3890.34,99765480,hs300
3571,2019/12/12,3908.45,3891.02,3908.45,3886.12,84708330,hs300
3572,2019/12/13,3928,3968.22,3969.46,3925.28,148571349,hs300
3573,2019/12/16,3970.71,3987.55,3987.59,3953.51,148486670,hs300
3574,2019/12/17,3987.74,4041.8,4067.14,3984.52,201162937,hs300
3575,2019/12/18,4039.72,4032.78,4057.64,4025.34,151351764,hs300
3576,2019/12/19,4034.62,4027.15,4038.54,4014.9,117900558,hs300
3577,2019/12/20,4032.15,4017.25,4046.73,4014.93,121267662,hs300
3578,2019/12/23,4014.69,3967.1,4032.17,3964.38,122816246,hs300
3579,2019/12/24,3971.56,3992.96,3994.51,3963.67,95989045,hs300
3580,2019/12/25,3988.66,3990.87,4000.56,3976.36,94938890,hs300
3581,2019/12/26,3993.67,4025.99,4025.99,3993.54,108860640,hs300
3582,2019/12/27,4029.25,4022.03,4066.8,4019.72,150926411,hs300
3583,2019/12/30,4015.52,4081.63,4083.69,4001.5,155971488,hs300
3584,2019/12/31,4077.75,4096.58,4098.14,4069.01,123264258,hs300
3585,2020/1/2,4121.35,4152.24,4172.66,4121.35,182116772,hs300
3586,2020/1/3,4161.22,4144.96,4164.3,4131.86,142826244,hs300
3587,2020/1/6,4120.52,4129.3,4170.64,4102.38,175309953,hs300
3588,2020/1/7,4137.4,4160.23,4161.25,4135.1,139489031,hs300
3589,2020/1/8,4139.63,4112.32,4149.81,4101.98,167585850,hs300
3590,2020/1/9,4145.53,4164.37,4165.66,4143.59,136886324,hs300
3591,2020/1/10,4177.58,4163.19,4180.98,4148.48,113031719,hs300
3592,2020/1/13,4166.93,4203.99,4203.99,4148.6,119691982,hs300
3593,2020/1/14,4215.16,4189.89,4223.51,4188.08,129320783,hs300
3594,2020/1/15,4186.88,4166.73,4193.87,4150.88,104633136,hs300
3595,2020/1/16,4174.82,4149.04,4175.29,4142.18,100267642,hs300
3596,2020/1/17,4162.19,4154.85,4177.03,4141.65,98725682,hs300
3597,2020/1/20,4170.74,4185.83,4185.96,4149.49,122409147,hs300
3598,2020/1/21,4165.02,4114.31,4165.02,4113.33,130527507,hs300
3599,2020/1/22,4093.8,4131.93,4141.18,4046.49,126758763,hs300
3600,2020/1/23,4093.32,4003.9,4103.52,3972.39,160357603,hs300
3601,2020/2/3,3639.91,3688.36,3732.16,3639.91,157559647,hs300
3602,2020/2/4,3652,3785.64,3786.86,3652,213933328,hs300
3603,2020/2/5,3801.1,3828.53,3866.01,3781.61,174925524,hs300
3604,2020/2/6,3841.75,3899.78,3914.92,3806.96,176462235,hs300
3605,2020/2/7,3879.55,3899.87,3899.88,3849.71,151731759,hs300
3606,2020/2/10,3872.37,3916.01,3920.17,3861.01,148406969,hs300
3607,2020/2/11,3926.42,3952.46,3970.52,3915.71,143441674,hs300
3608,2020/2/12,3945.67,3984.43,3984.43,3940.67,126710321,hs300
3609,2020/2/13,3985.88,3959.92,3999.55,3950.14,145001843,hs300
3610,2020/2/14,3954.23,3987.73,4001.56,3954.02,143239803,hs300
3611,2020/2/17,3999.65,4077.42,4077.45,3999.65,182778969,hs300
3612,2020/2/18,4069.83,4057.51,4076.39,4027.79,163236220,hs300
3613,2020/2/19,4049.59,4051.31,4085.17,4042.85,169046441,hs300
3614,2020/2/20,4062.9,4144.66,4148.53,4055.81,212232624,hs300
3615,2020/2/21,4134.87,4149.49,4184.44,4130.17,217213604,hs300
3616,2020/2/24,4131.84,4132.84,4149.01,4097.18,212869303,hs300
3617,2020/2/25,4066.3,4123.85,4126.71,4020.91,244167831,hs300
3618,2020/2/26,4070.1,4073.02,4132.78,4061.12,261094061,hs300
3619,2020/2/27,4084.08,4084.88,4110.53,4067.44,181290981,hs300
3620,2020/2/28,3988.73,3940.05,4031.15,3928.07,230275093,hs300
3621,2020/3/2,3968.84,4069.67,4092.54,3968.84,219313559,hs300
3622,2020/3/3,4125.14,4091.36,4147.65,4067.91,219369777,hs300
3623,2020/3/4,4078.5,4115.05,4115.26,4060.73,182424730,hs300
3624,2020/3/5,4150.21,4206.73,4215.85,4127.04,231823115,hs300
3625,2020/3/6,4158.2,4138.51,4181.31,4135.39,172475717,hs300
3626,2020/3/9,4063.08,3997.13,4063.08,3995.13,208102035,hs300
3627,2020/3/10,3975.23,4082.73,4093,3954.75,197416402,hs300
3628,2020/3/11,4090.93,4028.43,4091.27,4028.4,161656111,hs300
3629,2020/3/12,3976.11,3950.91,3987.43,3926.27,157060458,hs300
3630,2020/3/13,3771.01,3895.31,3937.18,3765.15,188296722,hs300
3631,2020/3/16,3899.86,3727.84,3899.86,3720.51,185968260,hs300
3632,2020/3/17,3739.78,3709.68,3786.89,3618.31,166246129,hs300
3633,2020/3/18,3729.69,3636.26,3775.85,3636.26,155037547,hs300
3634,2020/3/19,3623.79,3589.09,3647.99,3503.19,180807407,hs300
3635,2020/3/20,3629.51,3653.22,3663.95,3588.78,139603000,hs300
3636,2020/3/23,3542.68,3530.31,3585.8,3523.79,137108790,hs300
3637,2020/3/24,3598.65,3625.11,3627.76,3545.45,143103021,hs300
3638,2020/3/25,3711.48,3722.52,3732.65,3685.99,153495958,hs300
3639,2020/3/26,3692.61,3698.05,3736.25,3681.27,112310665,hs300
3640,2020/3/27,3746.39,3710.06,3758.78,3709.92,124060995,hs300
3641,2020/3/30,3657.46,3674.11,3690.64,3637.59,126876673,hs300
3642,2020/3/31,3708.14,3686.16,3716.07,3676.2,111453025,hs300
3643,2020/4/1,3682.3,3675.08,3731.78,3670.97,119352620,hs300
3644,2020/4/2,3656.32,3734.53,3734.53,3652.32,115168209,hs300
3645,2020/4/3,3721.48,3713.22,3738.83,3698.98,99825083,hs300
3646,2020/4/7,3779.91,3798.02,3803.63,3772.21,142778030,hs300
3647,2020/4/8,3776.42,3780.34,3793,3767.29,111389513,hs300
3648,2020/4/9,3798.49,3792.81,3801.72,3785.31,100485032,hs300
3649,2020/4/10,3794.84,3769.18,3824.74,3758.96,102444956,hs300
3650,2020/4/13,3751.71,3753.26,3769.88,3740.19,79053343,hs300
3651,2020/4/14,3777.83,3825.7,3825.76,3764.98,110637585,hs300
3652,2020/4/15,3820.85,3797.36,3829.8,3793.44,108461984,hs300
3653,2020/4/16,3777.8,3802.38,3807.36,3774.56,95947965,hs300
3654,2020/4/17,3831.92,3839.49,3863.45,3821.42,132004301,hs300
3655,2020/4/20,3845.46,3853.46,3853.8,3831.55,100013115,hs300
3656,2020/4/21,3838.23,3808.05,3838.23,3780,102921888,hs300
3657,2020/4/22,3789.13,3839.38,3839.38,3782.21,85899464,hs300
3658,2020/4/23,3851.91,3829.75,3857.47,3826.56,95508450,hs300
3659,2020/4/24,3826.31,3796.97,3827.21,3787.07,94844135,hs300
3660,2020/4/27,3808.02,3822.77,3842.87,3793.77,95462735,hs300
3661,2020/4/28,3835.35,3849.15,3859.68,3768.2,122093476,hs300
3662,2020/4/29,3837.51,3867.03,3880.74,3833.72,95854590,hs300
3663,2020/4/30,3880.41,3912.58,3921.7,3880.41,132917125,hs300
3664,2020/5/6,3867.26,3936.25,3937.69,3865.99,139855675,hs300
3665,2020/5/7,3937.59,3924.89,3941.48,3915.9,105514646,hs300
3666,2020/5/8,3943,3963.62,3979.66,3935.98,116943341,hs300
3667,2020/5/11,3974.76,3960.18,3998.1,3944.5,122673803,hs300
3668,2020/5/12,3961.34,3960.24,3970.11,3930.21,98250554,hs300
3669,2020/5/13,3946.64,3968.25,3972.53,3932.57,88190669,hs300
3670,2020/5/14,3952.2,3925.22,3952.2,3924.05,88530004,hs300
3671,2020/5/15,3941.12,3912.82,3945.2,3907.4,92618382,hs300
3672,2020/5/18,3914.66,3922.91,3946.43,3898.4,112801762,hs300
3673,2020/5/19,3963.78,3956.25,3966.85,3944.07,94015291,hs300
3674,2020/5/20,3955.71,3935.22,3955.71,3923.92,100791150,hs300
3675,2020/5/21,3950.6,3913.79,3951.74,3907.58,94861033,hs300
3676,2020/5/22,3907.58,3824.06,3907.58,3818.15,103378360,hs300
3677,2020/5/25,3828.32,3829.32,3835.63,3800.18,79033326,hs300
3678,2020/5/26,3850,3872.77,3874.75,3844.48,77448076,hs300
3679,2020/5/27,3873.7,3845.61,3873.7,3838.42,83711831,hs300
3680,2020/5/28,3848.49,3856.63,3885.42,3818.43,93064054,hs300
3681,2020/5/29,3838.38,3867.02,3872.3,3830.42,93813832,hs300
3682,2020/6/1,3901.73,3971.34,3976.32,3901.73,136456652,hs300
3683,2020/6/2,3969.95,3983.57,3991.78,3958.98,144303060,hs300
3684,2020/6/3,4001.17,3983.65,4018.68,3982.93,136597483,hs300
3685,2020/6/4,3998.16,3982.19,3999.81,3968.57,104277737,hs300
3686,2020/6/5,3988.22,4001.25,4001.25,3967.93,102443942,hs300
3687,2020/6/8,4023.61,4021.95,4050.22,4016.1,137925813,hs300
3688,2020/6/9,4027.56,4047.03,4052.16,4016.34,115304479,hs300
3689,2020/6/10,4046.23,4039.71,4046.23,4024.42,112265728,hs300
3690,2020/6/11,4031.74,3995.88,4043.01,3979.75,127308941,hs300
3691,2020/6/12,3931.62,4003.08,4011.06,3927.25,134166649,hs300
3692,2020/6/15,3982.97,3954.99,4007.14,3954.99,131297860,hs300
3693,2020/6/16,3995.58,4014.57,4014.57,3987.86,111051539,hs300
3694,2020/6/17,4018.61,4017.59,4018.61,3992.13,105605799,hs300
3695,2020/6/18,4009.78,4044.38,4047.56,4000.9,138148761,hs300
3696,2020/6/19,4047.05,4098.71,4109.36,4043.49,152946990,hs300
3697,2020/6/22,4097.51,4102.05,4126.94,4088.78,155829465,hs300
3698,2020/6/23,4098.04,4121.79,4124.73,4080.75,129229510,hs300
3699,2020/6/24,4128.1,4138.99,4144.68,4123.36,121712465,hs300
3700,2020/6/29,4127.93,4109.72,4137.37,4092.54,130865854,hs300
3701,2020/6/30,4130,4163.96,4174.42,4129.78,125933521,hs300
3702,2020/7/1,4172.64,4247.78,4247.78,4163.5,169990456,hs300
3703,2020/7/2,4239.41,4335.84,4340.1,4238.12,252939368,hs300
3704,2020/7/3,4353.19,4419.6,4419.6,4348.45,290485539,hs300
3705,2020/7/6,4465.81,4670.09,4678.11,4465.81,405821025,hs300
3706,2020/7/7,4739.61,4698.13,4796.32,4688.06,406008553,hs300
3707,2020/7/8,4692.86,4774,4803.36,4670.65,348074847,hs300
3708,2020/7/9,4770.08,4840.77,4854.12,4757.29,351046893,hs300
3709,2020/7/10,4796.09,4753.13,4821.37,4734.47,316949651,hs300
3710,2020/7/13,4742.37,4852.96,4878.08,4741.87,321645446,hs300
3711,2020/7/14,4836.17,4806.69,4860.44,4729.93,297241985,hs300
3712,2020/7/15,4821.52,4744.47,4837.48,4723.36,272389006,hs300
3713,2020/7/16,4741.53,4516.25,4772.56,4513.65,284657133,hs300
3714,2020/7/17,4524.77,4544.7,4601.37,4485.82,207375563,hs300
3715,2020/7/20,4597.2,4680.3,4681.94,4534.23,246068914,hs300
3716,2020/7/21,4697.5,4691.04,4714.29,4661.44,200415659,hs300
3717,2020/7/22,4682.66,4714.45,4790.45,4675.35,224199211,hs300
3718,2020/7/23,4668.74,4712.44,4731.4,4607.66,234314569,hs300
3719,2020/7/24,4679.03,4505.59,4691.7,4479.39,243905203,hs300
3720,2020/7/27,4535.01,4528.45,4558.12,4482.44,171420551,hs300
3721,2020/7/28,4567.67,4568.26,4590.25,4537.68,162768498,hs300
3722,2020/7/29,4559.16,4679.01,4680.56,4548.85,186695305,hs300
3723,2020/7/30,4689.76,4656.15,4704.63,4649.77,166967566,hs300
3724,2020/7/31,4652.18,4695.05,4741.81,4621.96,184839026,hs300
3725,2020/8/3,4735.9,4771.31,4771.37,4720.03,214776239,hs300
3726,2020/8/4,4778.49,4775.8,4807.08,4747.77,239974985,hs300
3727,2020/8/5,4761.76,4777.11,4786.7,4711.27,196700548,hs300
3728,2020/8/6,4779.24,4762.76,4791.86,4691.16,227854406,hs300
3729,2020/8/7,4742.29,4707.93,4749.02,4637.84,213518216,hs300
3730,2020/8/10,4681.76,4724.87,4757.66,4646.29,203788832,hs300
3731,2020/8/11,4730.37,4681.78,4791.53,4674.86,205546511,hs300
3732,2020/8/12,4668.89,4647.64,4681.62,4566.27,202887239,hs300
3733,2020/8/13,4666.49,4635.71,4671.77,4626.1,152550092,hs300
3734,2020/8/14,4627.61,4704.63,4708.07,4617.63,147292921,hs300
3735,2020/8/17,4727.12,4815.23,4838.09,4721.36,268001556,hs300
3736,2020/8/18,4816.57,4812.76,4825.39,4788.83,189139854,hs300
3737,2020/8/19,4804.67,4740.68,4809.05,4738.01,192442948,hs300
3738,2020/8/20,4708.13,4679.15,4721.44,4662.8,158368639,hs300
3739,2020/8/21,4717.79,4718.84,4739.48,4684.81,142657864,hs300
3740,2020/8/24,4746.4,4755.85,4769.47,4716.61,151143512,hs300
3741,2020/8/25,4769.21,4761.95,4802.41,4746.31,141701351,hs300
3742,2020/8/26,4761.72,4706.13,4786.42,4689.88,151305180,hs300
3743,2020/8/27,4718.06,4731.35,4731.94,4679.36,119042850,hs300
3744,2020/8/28,4727.29,4844.27,4850.49,4719.35,159399765,hs300
3745,2020/8/31,4870.93,4816.22,4901.21,4816.21,202567029,hs300
3746,2020/9/1,4803.39,4842.12,4842.14,4791.78,138395402,hs300
3747,2020/9/2,4859.08,4843.89,4863.55,4797.52,157989524,hs300
3748,2020/9/3,4841.5,4817.1,4877.01,4800.06,145671201,hs300
3749,2020/9/4,4737.24,4770.22,4778.2,4726.56,120032796,hs300
3750,2020/9/7,4759.52,4669.37,4789.3,4655.56,148607791,hs300
3751,2020/9/8,4683.83,4694.39,4707.9,4639.05,139199227,hs300
3752,2020/9/9,4634.25,4584.59,4645.2,4558.03,162277107,hs300
3753,2020/9/10,4632.1,4581.98,4647.75,4572.21,150652878,hs300
3754,2020/9/11,4572.26,4627.28,4630.88,4563.11,115302424,hs300
3755,2020/9/14,4652.05,4651.05,4666.99,4625.99,107235179,hs300
3756,2020/9/15,4649.45,4688.48,4691.5,4630.54,101915925,hs300
3757,2020/9/16,4683.01,4657.36,4690.68,4638.46,108753641,hs300
3758,2020/9/17,4642.05,4632.71,4664.95,4601.64,105983631,hs300
3759,2020/9/18,4636.64,4737.09,4737.8,4631.7,160426475,hs300
3760,2020/9/21,4750.75,4691.43,4752.98,4688.72,124535827,hs300
3761,2020/9/22,4654.22,4635.76,4706.21,4622.11,119672947,hs300
3762,2020/9/23,4639.66,4652.33,4665.96,4623.55,95826528,hs300
3763,2020/9/24,4623.95,4563.07,4631.95,4562.21,112593683,hs300
3764,2020/9/25,4582.48,4570.02,4599.54,4554.72,93015155,hs300
3765,2020/9/28,4582.65,4581.91,4613.63,4571.15,85048389,hs300
3766,2020/9/29,4608.29,4591.8,4616.68,4586.35,85993858,hs300
3767,2020/9/30,4607.58,4587.4,4634.72,4563.41,89081200,hs300
3768,2020/10/9,4663.61,4681.14,4695.4,4655.09,111337512,hs300
3769,2020/10/12,4705.19,4823.16,4823.27,4704.16,155784558,hs300
3770,2020/10/13,4812.9,4839.2,4845.92,4795.37,116516338,hs300
3771,2020/10/14,4830.46,4807.1,4830.46,4795.91,111906923,hs300
3772,2020/10/15,4810.78,4798.74,4833.89,4796.26,109964962,hs300
3773,2020/10/16,4798.92,4791.68,4825.55,4765.97,116716102,hs300
3774,2020/10/19,4823.49,4755.49,4849.61,4747.34,129246361,hs300
3775,2020/10/20,4751.37,4793.47,4793.47,4739.46,98048156,hs300
3776,2020/10/21,4801.63,4792.83,4801.63,4758.86,103805703,hs300
3777,2020/10/22,4780.6,4777.98,4791.81,4725.5,101350891,hs300
3778,2020/10/23,4775.47,4718.49,4802.46,4717.1,106825184,hs300
3779,2020/10/26,4684.05,4691.24,4713.39,4639.3,108343275,hs300
3780,2020/10/27,4680.14,4699.28,4708.46,4671.85,92656304,hs300
3781,2020/10/28,4703,4737.27,4753.31,4685.6,108463402,hs300
3782,2020/10/29,4683.61,4772.92,4803.03,4679.25,117117250,hs300
3783,2020/10/30,4776.47,4695.33,4778.51,4683.47,139802303,hs300
3784,2020/11/2,4702.75,4720.83,4738.02,4695.44,142867693,hs300
3785,2020/11/3,4743.17,4777.56,4793.4,4734.17,136055408,hs300
3786,2020/11/4,4781.45,4813.66,4825.46,4770.56,114661806,hs300
3787,2020/11/5,4861.34,4885.11,4885.11,4838,139244594,hs300
3788,2020/11/6,4897.63,4885.72,4897.63,4845.43,153639034,hs300
3789,2020/11/9,4918.86,4981.35,4997.8,4918.86,197131984,hs300
3790,2020/11/10,4995.41,4953.88,4995.41,4928.93,176267214,hs300
3791,2020/11/11,4937.76,4904.9,4957.58,4901.71,164470515,hs300
3792,2020/11/12,4916.77,4908.46,4926.34,4891.51,118114619,hs300
3793,2020/11/13,4886.98,4856.85,4886.98,4825.76,133693079,hs300
3794,2020/11/16,4880.96,4904.17,4904.17,4848.62,148770980,hs300
3795,2020/11/17,4903.12,4894.79,4909.29,4865.39,151487464,hs300
3796,2020/11/18,4889.67,4891.67,4911.09,4870.72,164216616,hs300
3797,2020/11/19,4880.92,4927.99,4939.79,4870.2,133681378,hs300
3798,2020/11/20,4928.22,4943.29,4947.43,4922.59,129400341,hs300
3799,2020/11/23,4954.6,5005.03,5029.65,4940.45,205915187,hs300
3800,2020/11/24,4997.05,4974.29,5001.06,4960.98,156637911,hs300
3801,2020/11/25,4992.75,4910.7,5004.77,4910.7,170340527,hs300
3802,2020/11/26,4908.32,4919.59,4925.29,4867.82,137202338,hs300
3803,2020/11/27,4930.59,4980.77,4980.77,4917.35,162952922,hs300
3804,2020/11/30,4994.11,4960.25,5055.19,4960.25,262638950,hs300
3805,2020/12/1,4963.13,5067.1,5072.55,4963.13,204065638,hs300
3806,2020/12/2,5072.98,5067.14,5090.61,5043.31,195435476,hs300
3807,2020/12/3,5065.45,5057.06,5072.3,5033.79,177865748,hs300
3808,2020/12/4,5049.52,5065.92,5072.39,5017.85,144347167,hs300
3809,2020/12/7,5065.73,5022.24,5067.87,5014.61,139896217,hs300
3810,2020/12/8,5029.11,5009.88,5043.06,4998.92,123073029,hs300
3811,2020/12/9,5022.38,4942.7,5033.64,4942.52,138916965,hs300
3812,2020/12/10,4931.29,4940.52,4962.74,4919.77,125914270,hs300
3813,2020/12/11,4957.82,4889.63,4957.82,4849.35,159357697,hs300
3814,2020/12/14,4903.63,4934.84,4937.26,4887.66,120801552,hs300
3815,2020/12/15,4931.6,4945.1,4954.19,4904.79,118342633,hs300
3816,2020/12/16,4957.3,4953.87,4968.86,4938.19,106778968,hs300
3817,2020/12/17,4960.73,5017.48,5021.62,4950.37,133385479,hs300
3818,2020/12/18,5014.32,4999.97,5027.44,4979.01,128049618,hs300
3819,2020/12/21,4995.76,5046.84,5048.51,4970,140811782,hs300
3820,2020/12/22,5034.98,4964.77,5055.13,4960.95,162344970,hs300
3821,2020/12/23,4977.3,5007.12,5028.45,4968.15,140292819,hs300
3822,2020/12/24,5006.01,5000.02,5033.04,4979.24,114418667,hs300
3823,2020/12/25,4985.77,5042.01,5042.1,4973.68,121006979,hs300
3824,2020/12/28,5042.94,5064.41,5089.34,5037.86,136914407,hs300
3825,2020/12/29,5071.45,5042.94,5077.42,5034.31,141198662,hs300
3826,2020/12/30,5037.98,5113.71,5113.71,5036.63,148626448,hs300
3827,2020/12/31,5122.48,5211.29,5215.62,5122.48,171602509,hs300
3828,2021/1/4,5212.93,5267.72,5284.43,5190.94,211711382,hs300
3829,2021/1/5,5245.84,5368.5,5368.5,5234.38,224931159,hs300
3830,2021/1/6,5386.51,5417.67,5433.47,5341.43,193773444,hs300
3831,2021/1/7,5428.39,5513.66,5513.66,5413.35,219872080,hs300
3832,2021/1/8,5526.29,5495.43,5547.47,5442.69,204324956,hs300
3833,2021/1/11,5504.24,5441.16,5555.69,5412.5,231835983,hs300
3834,2021/1/12,5419.5,5596.35,5596.35,5417.63,224220186,hs300
3835,2021/1/13,5609.26,5577.97,5644.72,5535.14,261569886,hs300
3836,2021/1/14,5556.21,5470.46,5568.02,5458.68,243683380,hs300
3837,2021/1/15,5471.39,5458.08,5500.63,5390.27,238637435,hs300
3838,2021/1/18,5438.16,5518.52,5541.46,5410.78,207051869,hs300
3839,2021/1/19,5525.97,5437.52,5532.48,5415.72,211043425,hs300
3840,2021/1/20,5439.91,5476.43,5496.05,5426.54,170913260,hs300
3841,2021/1/21,5492.96,5564.97,5593.11,5490.56,209950197,hs300
3842,2021/1/22,5562.38,5569.78,5573.66,5513.88,199300020,hs300
3843,2021/1/25,5564.12,5625.92,5655.48,5543.27,197047019,hs300
3844,2021/1/26,5600.9,5512.97,5600.9,5506,171904590,hs300
3845,2021/1/27,5505.77,5528,5534.99,5449.64,160190841,hs300
3846,2021/1/28,5450.37,5377.14,5462.24,5360.38,170485585,hs300
3847,2021/1/29,5413.97,5351.96,5430.2,5288.1,182178784,hs300
3848,2021/2/1,5356.85,5417.65,5422.3,5342.05,166313706,hs300
3849,2021/2/2,5429.7,5501.09,5503.21,5411.52,165210565,hs300
3850,2021/2/3,5499.3,5485.2,5532.89,5473.12,188054317,hs300
3851,2021/2/4,5453.98,5473.95,5510.05,5411.57,180575654,hs300
3852,2021/2/5,5494.7,5483.41,5550.77,5477.65,189699598,hs300
3853,2021/2/8,5506.14,5564.56,5576.49,5479.85,164033775,hs300
3854,2021/2/9,5584.17,5686.25,5686.25,5555.05,164887260,hs300
3855,2021/2/10,5709.68,5807.72,5823.42,5707.33,170169786,hs300
3856,2021/2/18,5922.07,5768.38,5930.91,5747.66,218848686,hs300
3857,2021/2/19,5734.02,5778.84,5787.89,5667.32,214475780,hs300
3858,2021/2/22,5785.51,5597.33,5785.51,5597.33,282124382,hs300
3859,2021/2/23,5542.68,5579.67,5644.76,5541.11,233807727,hs300
3860,2021/2/24,5591.48,5437.57,5598.83,5379.73,225428610,hs300
3861,2021/2/25,5494.47,5469.56,5527.63,5444.16,230736028,hs300
3862,2021/2/26,5343.9,5336.76,5416.32,5318.86,212264543,hs300
3863,2021/3/1,5389.25,5418.78,5421.56,5345.94,177463523,hs300
3864,2021/3/2,5453.28,5349.63,5454.97,5305.05,196511115,hs300
3865,2021/3/3,5327.35,5452.21,5452.4,5316.48,194709054,hs300
3866,2021/3/4,5388.48,5280.71,5392.37,5254.78,212775211,hs300
3867,2021/3/5,5191.97,5262.8,5307.82,5174.25,202627956,hs300
3868,2021/3/8,5299.79,5080.02,5326.26,5079.8,230231635,hs300
3869,2021/3/9,5066.15,4971,5094.31,4917.91,230711004,hs300
3870,2021/3/10,5047.06,5003.61,5055.28,4981.62,169928490,hs300
3871,2021/3/11,5024.56,5128.22,5138.41,5020.58,189600766,hs300
3872,2021/3/12,5153.67,5146.38,5153.67,5086.82,201020589,hs300
3873,2021/3/15,5116.12,5035.54,5120.88,4992.4,204153084,hs300
3874,2021/3/16,5054.41,5079.36,5084.31,5009.95,161390054,hs300
3875,2021/3/17,5062.77,5100.86,5123.55,5020.13,149162376,hs300
3876,2021/3/18,5114.59,5141.77,5160.46,5111.13,142901518,hs300
3877,2021/3/19,5068.53,5007.09,5089.92,4980.76,164174849,hs300
3878,2021/3/22,5008.4,5057.15,5071.34,4996.54,167402632,hs300
3879,2021/3/23,5057.06,5009.25,5064.02,4966.53,158013967,hs300
3880,2021/3/24,4985.4,4928.69,5024.33,4919.89,159385982,hs300
3881,2021/3/25,4904.07,4926.35,4950.76,4883.66,132945189,hs300
3882,2021/3/26,4953.95,5037.99,5050.83,4953.95,145926697,hs300
3883,2021/3/29,5052.26,5046.88,5086.65,5010.39,143388215,hs300
3884,2021/3/30,5043.1,5094.73,5106.04,5032.8,138618560,hs300
3885,2021/3/31,5085.95,5048.36,5085.95,5015.61,141335743,hs300
3886,2021/4/1,5059.94,5110.78,5115.43,5056.87,120324890,hs300
3887,2021/4/2,5129.85,5161.56,5169.83,5116.35,127002254,hs300
3888,2021/4/6,5178.64,5140.34,5181.15,5125.33,109834210,hs300
3889,2021/4/7,5141.66,5103.74,5141.66,5065.19,145763748,hs300
